booking_id,user_id,result_id,search_id,booking_date,miles_used,taxes_paid_inr,status
B000001,U0476,R0002506,S002184,2026-03-04,114882,17271,Completed
B000002,U0358,R0000292,S000265,2026-01-12,59359,7907,Completed
B000003,U0479,R0001870,S001623,2026-02-09,203993,5164,Completed
B000004,U0279,R0003813,S003292,2026-08-19,139437,17989,Completed
B000005,U0492,R0004195,S003608,2026-08-24,29133,14658,Completed
B000006,U0287,R0002695,S002343,2026-04-21,33662,9299,Completed
B000007,U0359,R0001107,S000963,2026-01-06,52932,9794,Completed
B000008,U0133,R0005265,S004566,2026-02-13,62620,14577,Completed
B000009,U0449,R0004430,S003822,2026-03-07,41691,7658,Completed
B000010,U0217,R0001142,S000996,2026-05-09,37292,4955,Completed
B000011,U0365,R0002821,S002456,2026-04-25,98154,12608,Completed
B000012,U0051,R0005850,S005076,2026-05-23,62282,7089,Completed
B000013,U0498,R0001956,S001709,2026-05-20,128969,16513,Completed
B000014,U0229,R0003903,S003366,2026-02-23,194135,5905,Completed
B000015,U0069,R0002269,S001981,2026-07-11,41985,14834,Completed
B000016,U0169,R0000465,S000407,2026-03-26,56498,9877,Completed
B000017,U0001,R0004145,S003567,2026-05-19,131772,4145,Completed
B000018,U0064,R0006190,S005362,2026-05-02,123142,10807,Completed
B000019,U0398,R0001471,S001269,2026-04-08,39741,5192,Completed
B000020,U0481,R0000642,S000569,2026-04-21,167752,11108,Completed
B000021,U0424,R0003649,S003148,2026-05-27,48225,13745,Completed
B000022,U0441,R0005714,S004954,2026-08-27,138533,4896,Completed
B000023,U0327,R0000617,S000547,2026-08-14,88099,16571,Completed
B000024,U0450,R0000227,S000208,2026-08-11,128107,3732,Completed
B000025,U0074,R0003741,S003224,2026-06-05,122990,6352,Completed
B000026,U0244,R0000020,S000017,2026-01-12,160338,15825,Completed
B000027,U0058,R0004425,S003819,2026-03-07,47860,12057,Completed
B000028,U0362,R0004124,S003551,2026-06-21,194248,17311,Completed
B000029,U0139,R0005246,S004549,2026-04-30,62769,14428,Completed
B000030,U0465,R0001548,S001336,2026-07-17,52951,10125,Completed
B000031,U0067,R0004538,S003900,2026-05-20,48329,16056,Completed
B000032,U0158,R0000220,S000198,2026-03-11,50381,16695,Completed
B000033,U0040,R0006022,S005229,2026-03-31,65835,12162,Completed
B000034,U0392,R0002244,S001959,2026-08-27,132422,3512,Completed
B000035,U0467,R0001771,S001530,2026-07-27,104501,17162,Completed
B000036,U0125,R0006884,S005976,2026-07-26,96295,11334,Completed
B000037,U0052,R0005821,S005038,2026-04-17,71448,8911,Completed
B000038,U0134,R0006159,S005338,2026-02-11,37746,5579,Completed
B000039,U0203,R0001512,S001305,2026-07-01,64420,6875,Completed
B000040,U0084,R0005492,S004774,2026-01-05,48616,14978,Completed
B000041,U0086,R0004726,S004067,2026-03-18,50596,5464,Completed
B000042,U0288,R0003522,S003051,2026-03-17,39264,7931,Completed
B000043,U0077,R0004132,S003557,2026-05-10,39134,13087,Completed
B000044,U0169,R0001606,S001392,2026-01-09,125086,17187,Completed
B000045,U0099,R0000404,S000367,2026-03-12,149156,6936,Completed
B000046,U0299,R0001221,S001064,2026-04-22,69597,11049,Completed
B000047,U0411,R0006031,S005240,2026-04-26,66493,6246,Completed
B000048,U0288,R0001196,S001036,2026-06-28,56777,15974,Completed
B000049,U0127,R0004907,S004249,2026-07-20,85884,14981,Completed
B000050,U0320,R0006452,S005577,2026-03-28,64709,14845,Completed
B000051,U0334,R0006557,S005671,2026-02-04,33127,7130,Completed
B000052,U0462,R0000550,S000477,2026-04-08,92947,6186,Completed
B000053,U0375,R0002435,S002121,2026-08-03,31317,11992,Completed
B000054,U0173,R0000674,S000600,2026-04-03,127356,17261,Completed
B000055,U0081,R0001308,S001128,2026-08-19,123529,6988,Completed
B000056,U0254,R0004842,S004183,2026-04-30,120067,13667,Completed
B000057,U0106,R0000121,S000105,2026-03-31,77889,14452,Completed
B000058,U0262,R0000129,S000112,2026-04-24,29616,11680,Completed
B000059,U0492,R0005696,S004941,2026-04-16,45290,11931,Completed
B000060,U0134,R0006841,S005943,2026-02-08,54913,10957,Completed
B000061,U0193,R0001877,S001633,2026-07-29,94118,5494,Completed
B000062,U0452,R0000373,S000334,2026-06-01,161825,8122,Completed
B000063,U0085,R0005747,S004980,2026-01-19,68251,9963,Completed
B000064,U0387,R0006028,S005237,2026-05-17,30587,4594,Completed
B000065,U0471,R0002985,S002601,2026-05-13,58254,13382,Completed
B000066,U0112,R0002562,S002231,2026-05-30,54281,4597,Completed
B000067,U0005,R0003578,S003098,2026-03-15,40026,8014,Completed
B000068,U0240,R0005027,S004356,2026-01-08,41661,10042,Completed
B000069,U0393,R0002836,S002469,2026-06-07,50932,5119,Completed
B000070,U0293,R0002661,S002311,2026-04-11,40313,17049,Completed
B000071,U0202,R0005729,S004963,2026-08-28,121685,7481,Completed
B000072,U0101,R0005893,S005110,2026-08-03,118333,8686,Completed
B000073,U0020,R0001337,S001152,2026-05-10,58189,12454,Completed
B000074,U0246,R0005471,S004760,2026-06-03,61296,10099,Completed
B000075,U0344,R0004382,S003782,2026-04-11,51047,11035,Completed
B000076,U0196,R0003643,S003143,2026-02-25,71095,7317,Completed
B000077,U0444,R0001261,S001091,2026-05-01,104723,12470,Completed
B000078,U0471,R0004867,S004209,2026-07-03,35995,15509,Completed
B000079,U0368,R0006666,S005774,2026-01-24,112184,16717,Completed
B000080,U0239,R0004987,S004314,2026-07-10,106973,3806,Completed
B000081,U0073,R0003169,S002768,2026-04-21,40320,7173,Completed
B000082,U0026,R0004727,S004068,2026-06-22,100375,17065,Completed
B000083,U0347,R0001806,S001565,2026-02-20,60670,13289,Completed
B000084,U0020,R0005120,S004430,2026-04-01,125181,12423,Completed
B000085,U0426,R0002108,S001842,2026-08-27,66596,10165,Completed
B000086,U0431,R0006756,S005862,2026-08-15,26008,9177,Completed
B000087,U0166,R0002556,S002228,2026-05-25,60163,8361,Completed
B000088,U0337,R0001766,S001527,2026-02-14,60636,4299,Completed
B000089,U0312,R0003793,S003272,2026-03-03,31858,10056,Completed
B000090,U0177,R0004031,S003474,2026-04-29,95661,4415,Completed
B000091,U0449,R0002093,S001831,2026-07-15,92270,9707,Completed
B000092,U0003,R0006106,S005296,2026-07-26,124134,11430,Completed
B000093,U0159,R0005404,S004698,2026-06-13,131933,15367,Completed
B000094,U0168,R0006855,S005953,2026-01-09,31925,12782,Completed
B000095,U0300,R0001340,S001154,2026-04-17,120719,11453,Completed
B000096,U0084,R0005491,S004774,2026-01-06,28173,6568,Completed
B000097,U0083,R0004394,S003789,2026-08-12,56103,3952,Completed
B000098,U0189,R0005579,S004839,2026-02-08,97517,15476,Completed
B000099,U0105,R0000181,S000158,2026-06-21,29748,15570,Completed
B000100,U0413,R0003482,S003022,2026-07-19,44411,13380,Completed
B000101,U0412,R0002440,S002124,2026-03-15,47624,16152,Completed
B000102,U0394,R0004413,S003808,2026-05-30,60543,16288,Completed
B000103,U0306,R0005856,S005081,2026-01-04,103095,16873,Completed
B000104,U0233,R0000092,S000076,2026-01-10,123493,7534,Completed
B000105,U0298,R0002201,S001924,2026-03-30,138740,10800,Completed
B000106,U0148,R0002115,S001847,2026-07-26,54206,10172,Completed
B000107,U0244,R0002706,S002354,2026-04-05,91836,5066,Completed
B000108,U0154,R0000513,S000446,2026-05-08,60217,7446,Completed
B000109,U0217,R0004702,S004047,2026-01-05,26869,4431,Completed
B000110,U0281,R0001419,S001218,2026-05-29,81896,17489,Completed
B000111,U0434,R0000097,S000079,2026-02-25,70466,13913,Completed
B000112,U0128,R0003764,S003244,2026-03-16,99639,8744,Completed
B000113,U0019,R0001575,S001364,2026-02-02,43547,16748,Completed
B000114,U0009,R0000154,S000133,2026-07-20,62123,5513,Completed
B000115,U0206,R0005970,S005177,2026-04-29,113537,17177,Completed
B000116,U0207,R0005681,S004931,2026-06-29,138372,15905,Completed
B000117,U0294,R0000827,S000728,2026-01-22,45907,6870,Completed
B000118,U0302,R0000625,S000553,2026-08-18,32063,6837,Completed
B000119,U0228,R0000527,S000456,2026-06-06,50638,12127,Completed
B000120,U0382,R0006723,S005832,2026-07-31,27399,5693,Completed
B000121,U0243,R0003174,S002770,2026-06-29,156241,14318,Completed
B000122,U0320,R0006132,S005317,2026-06-16,60097,14381,Completed
B000123,U0326,R0006767,S005872,2026-02-11,33327,9245,Completed
B000124,U0005,R0001619,S001400,2026-05-31,101574,15472,Completed
B000125,U0040,R0000276,S000247,2026-04-05,156954,8968,Completed
B000126,U0401,R0000871,S000768,2026-04-11,55356,8657,Completed
B000127,U0351,R0002896,S002530,2026-04-18,35682,16207,Completed
B000128,U0060,R0000695,S000614,2026-08-31,78030,16258,Completed
B000129,U0491,R0003876,S003342,2026-01-19,118906,13322,Completed
B000130,U0394,R0002906,S002536,2026-02-21,38354,16767,Completed
B000131,U0036,R0001702,S001465,2026-03-01,146501,7715,Completed
B000132,U0172,R0003831,S003305,2026-06-08,104888,4322,Completed
B000133,U0189,R0003446,S002991,2026-01-24,66474,4261,Completed
B000134,U0353,R0002048,S001795,2026-08-21,136531,17082,Completed
B000135,U0453,R0002059,S001803,2026-01-05,40369,3814,Completed
B000136,U0499,R0000777,S000678,2026-04-18,79227,11983,Completed
B000137,U0459,R0003872,S003340,2026-08-22,101694,7633,Completed
B000138,U0031,R0005591,S004846,2026-03-07,52653,3884,Completed
B000139,U0296,R0004227,S003637,2026-02-07,31053,4204,Completed
B000140,U0457,R0001067,S000929,2026-04-23,194406,14147,Completed
B000141,U0042,R0006833,S005938,2026-01-11,37339,11280,Completed
B000142,U0130,R0001314,S001134,2026-08-10,34250,12952,Completed
B000143,U0452,R0001440,S001239,2026-04-25,49834,17902,Completed
B000144,U0115,R0006719,S005829,2026-04-04,29944,12658,Completed
B000145,U0143,R0006057,S005257,2026-05-29,112696,10089,Completed
B000146,U0184,R0006694,S005807,2026-07-12,82997,6739,Completed
B000147,U0358,R0003925,S003382,2026-04-25,145881,6028,Completed
B000148,U0395,R0005333,S004629,2026-04-05,139764,17748,Completed
B000149,U0052,R0000873,S000769,2026-01-11,115324,7117,Completed
B000150,U0476,R0002129,S001860,2026-05-19,59139,14458,Completed
B000151,U0152,R0006498,S005617,2026-07-04,36495,13272,Completed
B000152,U0151,R0002914,S002543,2026-07-28,49047,14716,Completed
B000153,U0468,R0000135,S000116,2026-07-25,122926,8486,Completed
B000154,U0307,R0004595,S003946,2026-06-03,74751,4766,Completed
B000155,U0155,R0001800,S001558,2026-04-21,32445,8571,Completed
B000156,U0041,R0006394,S005525,2026-05-17,63566,9368,Completed
B000157,U0184,R0000626,S000554,2026-06-12,73365,5885,Completed
B000158,U0414,R0004786,S004129,2026-02-14,67179,3687,Completed
B000159,U0009,R0006851,S005949,2026-06-21,47511,13022,Completed
B000160,U0297,R0001622,S001401,2026-02-11,89519,10230,Completed
B000161,U0274,R0005971,S005178,2026-07-10,105612,5322,Completed
B000162,U0198,R0001256,S001089,2026-08-02,49841,5982,Completed
B000163,U0054,R0005906,S005120,2026-02-11,33006,12934,Completed
B000164,U0413,R0001350,S001160,2026-03-02,63037,4261,Completed
B000165,U0302,R0003669,S003167,2026-06-19,60643,7779,Completed
B000166,U0060,R0005974,S005181,2026-02-16,115624,15103,Completed
B000167,U0321,R0001917,S001673,2026-08-06,32456,12207,Completed
B000168,U0099,R0006625,S005727,2026-06-30,62645,13371,Completed
B000169,U0471,R0001611,S001394,2026-03-07,32837,15313,Completed
B000170,U0183,R0003699,S003191,2026-01-15,53173,17309,Completed
B000171,U0481,R0000641,S000569,2026-04-18,165835,16352,Completed
B000172,U0367,R0006897,S005989,2026-07-23,29781,17838,Completed
B000173,U0360,R0002495,S002174,2026-07-20,177412,9751,Completed
B000174,U0289,R0002774,S002407,2026-04-11,165139,16219,Completed
B000175,U0387,R0000399,S000364,2026-07-28,38470,16579,Completed
B000176,U0478,R0000886,S000781,2026-04-02,64907,5258,Completed
B000177,U0205,R0002365,S002059,2026-03-28,57189,13642,Completed
B000178,U0373,R0002470,S002154,2026-01-31,48380,13464,Completed
B000179,U0300,R0001341,S001154,2026-04-18,118242,4978,Completed
B000180,U0435,R0003885,S003351,2026-03-30,87522,11858,Completed
B000181,U0271,R0001656,S001427,2026-06-08,41916,17420,Completed
B000182,U0421,R0004016,S003460,2026-01-25,61504,4364,Completed
B000183,U0298,R0006248,S005413,2026-04-26,38553,6672,Completed
B000184,U0220,R0006095,S005289,2026-07-07,63081,17776,Completed
B000185,U0389,R0002819,S002447,2026-03-12,55819,11948,Completed
B000186,U0074,R0000460,S000405,2026-06-08,54384,14131,Completed
B000187,U0202,R0005680,S004930,2026-05-25,45268,9797,Completed
B000188,U0171,R0000426,S000382,2026-05-31,109902,6311,Completed
B000189,U0241,R0004559,S003916,2026-08-24,29248,7939,Completed
B000190,U0279,R0002957,S002580,2026-04-02,79832,5916,Completed
B000191,U0044,R0006171,S005349,2026-04-19,26577,7339,Completed
B000192,U0085,R0002768,S002405,2026-02-05,61125,9234,Completed
B000193,U0326,R0002127,S001858,2026-03-05,106486,4103,Completed
B000194,U0046,R0006870,S005967,2026-06-24,34613,9503,Completed
B000195,U0013,R0006713,S005823,2026-08-12,46877,3715,Completed
B000196,U0102,R0002182,S001906,2026-06-10,133105,14481,Completed
B000197,U0472,R0000051,S000041,2026-07-26,32400,4637,Completed
B000198,U0081,R0003308,S002867,2026-07-17,32293,5409,Completed
B000199,U0375,R0004708,S004053,2026-02-11,144948,16586,Completed
B000200,U0088,R0004281,S003688,2026-04-30,145155,7132,Completed
B000201,U0073,R0000609,S000536,2026-03-28,53006,14363,Completed
B000202,U0338,R0001597,S001385,2026-07-16,97046,10407,Completed
B000203,U0058,R0003906,S003369,2026-04-13,139090,9157,Completed
B000204,U0027,R0000730,S000648,2026-08-27,130306,7700,Completed
B000205,U0236,R0004747,S004096,2026-08-28,64620,15467,Completed
B000206,U0068,R0006829,S005935,2026-07-05,138182,14608,Completed
B000207,U0253,R0000052,S000042,2026-05-01,169376,4724,Completed
B000208,U0367,R0000326,S000288,2026-07-17,88544,11238,Completed
B000209,U0044,R0006734,S005842,2026-01-14,109328,13529,Completed
B000210,U0389,R0001325,S001140,2026-08-12,64064,5156,Completed
B000211,U0270,R0000352,S000313,2026-05-13,52817,9860,Completed
B000212,U0143,R0001334,S001149,2026-04-16,128493,16411,Completed
B000213,U0200,R0005767,S004997,2026-04-29,60628,11824,Completed
B000214,U0456,R0004659,S004007,2026-01-18,126470,9893,Completed
B000215,U0262,R0002352,S002050,2026-02-13,86457,6684,Completed
B000216,U0416,R0001703,S001466,2026-02-18,32846,8885,Completed
B000217,U0105,R0004898,S004241,2026-06-24,28999,11224,Completed
B000218,U0465,R0005617,S004876,2026-02-18,26159,12064,Completed
B000219,U0294,R0004651,S004003,2026-06-06,148677,5600,Completed
B000220,U0439,R0002547,S002221,2026-03-22,108664,4837,Completed
B000221,U0266,R0002328,S002031,2026-07-06,102131,14377,Completed
B000222,U0064,R0001371,S001179,2026-01-10,142717,13508,Completed
B000223,U0199,R0006663,S005773,2026-08-10,80553,3756,Completed
B000224,U0189,R0005114,S004426,2026-03-24,30676,15102,Completed
B000225,U0044,R0000476,S000415,2026-07-31,54000,5059,Completed
B000226,U0357,R0002537,S002215,2026-07-12,28567,9432,Completed
B000227,U0445,R0005234,S004534,2026-05-17,78457,7508,Completed
B000228,U0462,R0000386,S000350,2026-05-27,58270,7069,Completed
B000229,U0183,R0000208,S000185,2026-01-21,123168,8317,Completed
B000230,U0428,R0005956,S005165,2026-05-12,33096,6213,Completed
B000231,U0030,R0002131,S001862,2026-06-22,49533,11790,Completed
B000232,U0259,R0006753,S005858,2026-03-28,46289,7141,Completed
B000233,U0046,R0001345,S001156,2026-02-23,45843,13105,Completed
B000234,U0042,R0003081,S002689,2026-07-08,27943,3805,Completed
B000235,U0082,R0005410,S004702,2026-01-14,45287,16287,Completed
B000236,U0151,R0002913,S002543,2026-07-27,31215,5515,Completed
B000237,U0301,R0006603,S005707,2026-07-20,43189,4079,Completed
B000238,U0052,R0000874,S000769,2026-01-10,124289,15888,Completed
B000239,U0334,R0005263,S004563,2026-02-28,101942,7126,Completed
B000240,U0031,R0002270,S001982,2026-03-26,46685,5254,Completed
B000241,U0221,R0005683,S004933,2026-05-17,33406,17410,Completed
B000242,U0336,R0003565,S003087,2026-02-04,90153,11238,Completed
B000243,U0356,R0000166,S000144,2026-04-25,201659,15590,Completed
B000244,U0338,R0001642,S001420,2026-06-20,119541,5700,Completed
B000245,U0019,R0003397,S002944,2026-03-14,129518,7309,Completed
B000246,U0148,R0001665,S001437,2026-07-30,185210,9261,Completed
B000247,U0231,R0006432,S005559,2026-03-28,33287,6783,Completed
B000248,U0318,R0006739,S005845,2026-03-26,83099,14507,Completed
B000249,U0314,R0000792,S000693,2026-06-24,99241,8766,Completed
B000250,U0009,R0005427,S004721,2026-04-21,31293,15232,Completed
B000251,U0159,R0005993,S005197,2026-03-03,42931,15379,Completed
B000252,U0076,R0006867,S005960,2026-03-14,48866,5602,Completed
B000253,U0282,R0006494,S005613,2026-04-27,113004,12572,Completed
B000254,U0196,R0005516,S004792,2026-08-16,140446,15304,Completed
B000255,U0398,R0001894,S001652,2026-04-04,112060,6543,Completed
B000256,U0342,R0000591,S000511,2026-02-08,193934,13179,Completed
B000257,U0436,R0003506,S003035,2026-05-23,67224,13079,Completed
B000258,U0234,R0001053,S000913,2026-08-16,25331,5217,Completed
B000259,U0211,R0001822,S001582,2026-05-21,149535,16525,Completed
B000260,U0334,R0001783,S001542,2026-03-26,130843,12589,Completed
B000261,U0028,R0004957,S004296,2026-06-06,74640,10018,Completed
B000262,U0331,R0002893,S002528,2026-04-25,90029,7144,Completed
B000263,U0277,R0005524,S004799,2026-05-24,212166,10449,Completed
B000264,U0006,R0003076,S002685,2026-04-23,141744,16308,Completed
B000265,U0149,R0002151,S001877,2026-08-28,136089,6675,Completed
B000266,U0172,R0005945,S005154,2026-04-06,99968,12903,Completed
B000267,U0250,R0000183,S000160,2026-04-17,127855,17583,Completed
B000268,U0299,R0000400,S000365,2026-01-21,114730,8764,Completed
B000269,U0334,R0002489,S002170,2026-08-20,55951,10830,Completed
B000270,U0335,R0002766,S002404,2026-05-15,132902,5630,Completed
B000271,U0001,R0000203,S000180,2026-01-18,145511,15268,Completed
B000272,U0167,R0000963,S000844,2026-08-04,85785,4307,Completed
B000273,U0471,R0000070,S000055,2026-07-15,102297,15384,Completed
B000274,U0149,R0003068,S002677,2026-06-30,47042,3876,Completed
B000275,U0069,R0004130,S003554,2026-02-10,128714,12546,Completed
B000276,U0074,R0006426,S005554,2026-06-30,191139,14323,Completed
B000277,U0031,R0005716,S004955,2026-02-04,57219,16611,Completed
B000278,U0083,R0004395,S003789,2026-08-13,49682,3504,Completed
B000279,U0056,R0001181,S001027,2026-03-22,112965,11993,Completed
B000280,U0448,R0004096,S003522,2026-01-23,67694,13641,Completed
B000281,U0068,R0000890,S000783,2026-06-07,26969,8471,Completed
B000282,U0461,R0005874,S005093,2026-08-27,169431,15385,Completed
B000283,U0038,R0004501,S003873,2026-01-09,73112,7764,Completed
B000284,U0119,R0002784,S002414,2026-03-10,165156,7310,Completed
B000285,U0205,R0001063,S000927,2026-07-30,31947,4343,Completed
B000286,U0498,R0001162,S001017,2026-08-15,52907,4176,Completed
B000287,U0488,R0000677,S000602,2026-04-22,43274,16277,Completed
B000288,U0236,R0006222,S005388,2026-03-28,44027,14422,Completed
B000289,U0372,R0002881,S002513,2026-03-28,98780,11440,Completed
B000290,U0261,R0002256,S001967,2026-07-23,112658,7887,Completed
B000291,U0344,R0006516,S005635,2026-06-01,79631,6208,Completed
B000292,U0299,R0005023,S004354,2026-07-13,98447,11511,Completed
B000293,U0270,R0002845,S002478,2026-04-30,56912,12872,Completed
B000294,U0275,R0004541,S003901,2026-03-11,77666,8850,Completed
B000295,U0026,R0000564,S000487,2026-02-23,139675,5781,Completed
B000296,U0218,R0004574,S003927,2026-07-14,37061,12986,Completed
B000297,U0250,R0002952,S002576,2026-02-11,61293,14451,Completed
B000298,U0372,R0004937,S004275,2026-07-12,53164,6531,Completed
B000299,U0428,R0004790,S004135,2026-04-16,52148,10574,Completed
B000300,U0267,R0000226,S000205,2026-06-27,76875,17394,Completed
B000301,U0133,R0004550,S003910,2026-01-26,26227,14296,Completed
B000302,U0152,R0006344,S005488,2026-01-24,68165,16590,Completed
B000303,U0058,R0003711,S003204,2026-05-05,55056,6937,Completed
B000304,U0037,R0004188,S003603,2026-01-27,32435,6024,Completed
B000305,U0161,R0004301,S003708,2026-02-13,35488,12203,Completed
B000306,U0304,R0000017,S000014,2026-03-27,36349,3500,Completed
B000307,U0058,R0003810,S003288,2026-06-14,56642,16739,Completed
B000308,U0141,R0000315,S000281,2026-06-28,82537,11678,Completed
B000309,U0316,R0001390,S001191,2026-06-16,111238,14962,Completed
B000310,U0122,R0001722,S001482,2026-02-09,146384,9345,Completed
B000311,U0264,R0004825,S004167,2026-01-13,146943,10986,Completed
B000312,U0435,R0002087,S001824,2026-08-18,210793,10094,Completed
B000313,U0243,R0001751,S001509,2026-03-04,35692,12498,Completed
B000314,U0111,R0000321,S000286,2026-08-28,51359,8877,Completed
B000315,U0053,R0004306,S003712,2026-04-23,168382,11055,Completed
B000316,U0409,R0004111,S003536,2026-02-19,30897,15460,Completed
B000317,U0180,R0006134,S005320,2026-01-13,117149,11540,Completed
B000318,U0309,R0003133,S002738,2026-06-04,133011,17594,Completed
B000319,U0053,R0002682,S002334,2026-01-11,105415,11922,Completed
B000320,U0163,R0004000,S003444,2026-03-04,26767,17349,Completed
B000321,U0357,R0002345,S002042,2026-08-16,68458,8373,Completed
B000322,U0199,R0001085,S000946,2026-02-23,124857,14199,Completed
B000323,U0079,R0001604,S001391,2026-01-10,34961,6755,Completed
B000324,U0312,R0000158,S000136,2026-04-18,47430,12129,Completed
B000325,U0424,R0003650,S003148,2026-05-24,55765,11908,Completed
B000326,U0215,R0001866,S001622,2026-02-05,149471,16547,Completed
B000327,U0269,R0001231,S001069,2026-08-15,136657,10566,Completed
B000328,U0243,R0005009,S004334,2026-02-17,62644,11750,Completed
B000329,U0213,R0004026,S003467,2026-06-07,27959,16781,Completed
B000330,U0232,R0005078,S004394,2026-08-27,87260,14465,Completed
B000331,U0258,R0000997,S000867,2026-04-08,34366,8719,Completed
B000332,U0214,R0000974,S000854,2026-06-08,144226,8798,Completed
B000333,U0206,R0002553,S002226,2026-01-22,61404,17229,Completed
B000334,U0286,R0005349,S004648,2026-01-28,38186,10796,Completed
B000335,U0393,R0004148,S003569,2026-03-20,216704,11737,Completed
B000336,U0457,R0004237,S003644,2026-06-29,124873,15153,Completed
B000337,U0482,R0002812,S002438,2026-07-07,53950,11899,Completed
B000338,U0497,R0002169,S001895,2026-05-25,64751,17524,Completed
B000339,U0186,R0000650,S000579,2026-06-18,54704,9936,Completed
B000340,U0184,R0006831,S005936,2026-08-09,127764,13194,Completed
B000341,U0287,R0006047,S005251,2026-04-15,79540,15840,Completed
B000342,U0031,R0001725,S001486,2026-06-14,55422,8776,Completed
B000343,U0247,R0001403,S001205,2026-08-10,110192,9769,Completed
B000344,U0196,R0005842,S005070,2026-07-07,124017,10519,Completed
B000345,U0321,R0003730,S003217,2026-04-08,50350,10593,Completed
B000346,U0008,R0004459,S003843,2026-07-16,149475,3776,Completed
B000347,U0206,R0006736,S005843,2026-06-29,51789,5809,Completed
B000348,U0082,R0000265,S000239,2026-02-21,41881,14640,Completed
B000349,U0480,R0006238,S005402,2026-08-20,49654,16520,Completed
B000350,U0246,R0002808,S002434,2026-08-01,46706,14344,Completed
B000351,U0431,R0005071,S004388,2026-08-26,75929,5258,Completed
B000352,U0395,R0004321,S003727,2026-01-08,60227,14086,Completed
B000353,U0370,R0001668,S001439,2026-06-07,92707,8905,Completed
B000354,U0197,R0000996,S000866,2026-08-01,137863,17787,Completed
B000355,U0390,R0006551,S005667,2026-06-15,47966,15640,Completed
B000356,U0452,R0003837,S003308,2026-04-08,31901,12141,Completed
B000357,U0389,R0005782,S005013,2026-05-14,39357,5883,Completed
B000358,U0043,R0005662,S004917,2026-01-06,49098,14346,Completed
B000359,U0201,R0000449,S000397,2026-06-09,141478,11478,Completed
B000360,U0341,R0000754,S000664,2026-08-08,43006,16529,Completed
B000361,U0340,R0006800,S005903,2026-02-03,61556,13384,Completed
B000362,U0302,R0004239,S003645,2026-04-13,45548,11683,Completed
B000363,U0492,R0005214,S004518,2026-01-18,146048,17635,Completed
B000364,U0003,R0001458,S001259,2026-01-15,70549,14949,Completed
B000365,U0057,R0005036,S004362,2026-08-08,94286,14082,Completed
B000366,U0446,R0005220,S004521,2026-04-27,103972,10665,Completed
B000367,U0331,R0001713,S001475,2026-07-02,113947,5528,Completed
B000368,U0122,R0001721,S001482,2026-02-10,108281,17819,Completed
B000369,U0383,R0004272,S003678,2026-03-06,26292,16974,Completed
B000370,U0416,R0003190,S002784,2026-07-02,143400,10181,Completed
B000371,U0290,R0005203,S004504,2026-07-20,41977,14588,Completed
B000372,U0059,R0005669,S004922,2026-05-22,63062,11427,Completed
B000373,U0030,R0000742,S000654,2026-02-04,136080,15524,Completed
B000374,U0173,R0006286,S005446,2026-02-01,42087,11122,Completed
B000375,U0059,R0001448,S001249,2026-08-18,63541,6657,Completed
B000376,U0132,R0005164,S004470,2026-02-14,107365,13038,Completed
B000377,U0181,R0003457,S002998,2026-08-19,62531,7163,Completed
B000378,U0278,R0005619,S004878,2026-07-05,57241,3887,Completed
B000379,U0458,R0006087,S005283,2026-08-24,25424,4170,Completed
B000380,U0071,R0002975,S002594,2026-06-17,85764,6667,Completed
B000381,U0012,R0004986,S004313,2026-03-09,25088,8287,Completed
B000382,U0014,R0003987,S003433,2026-05-27,41993,13701,Completed
B000383,U0099,R0002638,S002295,2026-02-06,28131,14843,Completed
B000384,U0272,R0000843,S000740,2026-06-25,47902,9286,Completed
B000385,U0386,R0000156,S000134,2026-05-30,133407,8152,Completed
B000386,U0168,R0003510,S003037,2026-04-08,42772,11797,Completed
B000387,U0087,R0003410,S002958,2026-03-17,30626,8545,Completed
B000388,U0232,R0002995,S002612,2026-03-21,63551,13807,Completed
B000389,U0278,R0000842,S000739,2026-04-21,95663,5031,Completed
B000390,U0025,R0005312,S004611,2026-02-19,140519,5737,Completed
B000391,U0123,R0001037,S000901,2026-02-19,80581,12354,Completed
B000392,U0155,R0004189,S003604,2026-06-25,36521,16050,Completed
B000393,U0218,R0004765,S004116,2026-06-20,46172,7072,Completed
B000394,U0388,R0001190,S001033,2026-02-13,30187,10512,Completed
B000395,U0036,R0001701,S001465,2026-03-01,74533,16294,Completed
B000396,U0175,R0003937,S003395,2026-06-29,29247,8895,Completed
B000397,U0153,R0000549,S000476,2026-06-04,173871,16883,Completed
B000398,U0308,R0005545,S004814,2026-07-11,41644,15525,Completed
B000399,U0261,R0002266,S001975,2026-01-18,43602,13212,Completed
B000400,U0018,R0003245,S002817,2026-01-25,147877,3598,Completed
B000401,U0115,R0000027,S000023,2026-08-05,138349,3533,Completed
B000402,U0392,R0006453,S005579,2026-08-04,46612,11854,Completed
B000403,U0152,R0004398,S003791,2026-07-03,58976,5582,Completed
B000404,U0251,R0006001,S005203,2026-08-19,61327,6150,Completed
B000405,U0335,R0005775,S005004,2026-05-12,68605,14868,Completed
B000406,U0447,R0001094,S000952,2026-01-06,143987,13570,Completed
B000407,U0122,R0000295,S000266,2026-03-20,46827,17071,Completed
B000408,U0143,R0001335,S001149,2026-04-17,155460,10572,Completed
B000409,U0358,R0006010,S005213,2026-03-08,112397,13524,Completed
B000410,U0471,R0002984,S002601,2026-05-13,34005,14940,Completed
B000411,U0406,R0000239,S000216,2026-01-11,92611,14510,Completed
B000412,U0223,R0004325,S003732,2026-04-20,154003,6826,Completed
B000413,U0231,R0000447,S000396,2026-07-26,64140,5052,Completed
B000414,U0455,R0005062,S004381,2026-01-12,83304,7490,Completed
B000415,U0253,R0002432,S002120,2026-02-21,56526,15096,Completed
B000416,U0004,R0003148,S002747,2026-06-11,33151,10199,Completed
B000417,U0031,R0002535,S002212,2026-06-28,53282,17065,Completed
B000418,U0455,R0005148,S004449,2026-05-03,53909,11188,Completed
B000419,U0340,R0001245,S001080,2026-02-16,84975,16096,Completed
B000420,U0016,R0000349,S000308,2026-08-08,111081,5443,Completed
B000421,U0306,R0001493,S001289,2026-03-19,35509,9300,Completed
B000422,U0069,R0000719,S000636,2026-02-20,69785,7897,Completed
B000423,U0176,R0003583,S003100,2026-02-01,73241,17518,Completed
B000424,U0006,R0005930,S005141,2026-03-27,115620,17664,Completed
B000425,U0169,R0005509,S004787,2026-04-17,27748,17335,Completed
B000426,U0269,R0005096,S004405,2026-08-25,197612,14290,Completed
B000427,U0261,R0002255,S001967,2026-07-22,137885,16493,Completed
B000428,U0185,R0003431,S002978,2026-01-16,52468,13258,Completed
B000429,U0058,R0001545,S001333,2026-02-21,126274,17683,Completed
B000430,U0450,R0000847,S000742,2026-08-06,103628,8248,Completed
B000431,U0157,R0004062,S003494,2026-01-11,51999,9405,Completed
B000432,U0332,R0003969,S003420,2026-05-09,148947,4219,Completed
B000433,U0423,R0004675,S004023,2026-03-16,72665,10748,Completed
B000434,U0322,R0004657,S004006,2026-07-22,66531,5378,Completed
B000435,U0119,R0002034,S001782,2026-05-20,83943,14832,Completed
B000436,U0425,R0003324,S002880,2026-02-15,77306,5018,Completed
B000437,U0199,R0001991,S001732,2026-07-07,52319,10122,Completed
B000438,U0195,R0002338,S002039,2026-06-16,95662,17169,Completed
B000439,U0275,R0000638,S000563,2026-06-04,138755,16128,Completed
B000440,U0223,R0003307,S002866,2026-02-15,189973,17037,Completed
B000441,U0123,R0000543,S000473,2026-08-12,117587,5612,Completed
B000442,U0339,R0001252,S001088,2026-06-09,117684,11687,Completed
B000443,U0374,R0002816,S002441,2026-08-13,116184,4869,Completed
B000444,U0289,R0003608,S003117,2026-05-18,44377,16739,Completed
B000445,U0290,R0004203,S003616,2026-05-28,42652,13201,Completed
B000446,U0212,R0005648,S004901,2026-02-14,33221,7306,Completed
B000447,U0201,R0006144,S005328,2026-04-12,49527,16869,Completed
B000448,U0408,R0006827,S005932,2026-02-03,112186,7169,Completed
B000449,U0231,R0006399,S005529,2026-08-23,141619,12777,Completed
B000450,U0170,R0006461,S005589,2026-07-27,42685,14359,Completed
B000451,U0015,R0002889,S002525,2026-06-09,38617,12406,Completed
B000452,U0392,R0006889,S005984,2026-03-27,61470,11544,Completed
B000453,U0038,R0000879,S000776,2026-03-21,31384,17657,Completed
B000454,U0388,R0003527,S003052,2026-04-09,107423,11052,Completed
B000455,U0105,R0004917,S004257,2026-02-22,49507,9727,Completed
B000456,U0123,R0004408,S003805,2026-07-08,59791,4842,Completed
B000457,U0014,R0001501,S001298,2026-03-22,33807,3935,Completed
B000458,U0173,R0003299,S002858,2026-01-03,132079,17848,Completed
B000459,U0256,R0001120,S000977,2026-06-28,49192,7601,Completed
B000460,U0336,R0004940,S004280,2026-03-08,39506,17697,Completed
B000461,U0221,R0004844,S004185,2026-03-14,45951,5205,Completed
B000462,U0196,R0003642,S003143,2026-02-25,135118,10617,Completed
B000463,U0094,R0000343,S000302,2026-07-26,31119,5894,Completed
B000464,U0327,R0003727,S003214,2026-05-07,26369,14125,Completed
B000465,U0360,R0004101,S003528,2026-01-04,61909,12672,Completed
B000466,U0165,R0001816,S001578,2026-01-12,120375,13119,Completed
B000467,U0473,R0004638,S003991,2026-02-19,36329,17081,Completed
B000468,U0348,R0001726,S001487,2026-07-12,128578,10195,Completed
B000469,U0359,R0006412,S005540,2026-06-23,79052,10943,Completed
B000470,U0381,R0005339,S004632,2026-06-02,80435,14432,Completed
B000471,U0413,R0002791,S002421,2026-03-05,50456,6602,Completed
B000472,U0445,R0004654,S004004,2026-02-24,42294,5646,Completed
B000473,U0172,R0001571,S001362,2026-07-21,102131,14245,Completed
B000474,U0169,R0001264,S001094,2026-07-23,95967,13590,Completed
B000475,U0236,R0006220,S005388,2026-03-30,38561,4029,Completed
B000476,U0225,R0000473,S000413,2026-04-05,57868,4593,Completed
B000477,U0473,R0002277,S001986,2026-04-01,75776,3852,Completed
B000478,U0157,R0000645,S000572,2026-07-19,185877,5932,Completed
B000479,U0353,R0001923,S001678,2026-08-02,31106,12438,Completed
B000480,U0138,R0006611,S005718,2026-05-13,60432,12801,Completed
B000481,U0030,R0002416,S002107,2026-02-14,119766,4145,Completed
B000482,U0191,R0000838,S000735,2026-04-06,64665,8994,Completed
B000483,U0323,R0002972,S002592,2026-07-22,49798,16703,Completed
B000484,U0032,R0003791,S003271,2026-04-13,147262,16623,Completed
B000485,U0270,R0002844,S002478,2026-04-28,44288,4953,Completed
B000486,U0248,R0006687,S005800,2026-08-05,65710,9407,Completed
B000487,U0332,R0001790,S001549,2026-08-01,52810,17843,Completed
B000488,U0246,R0003009,S002628,2026-07-17,64024,10984,Completed
B000489,U0076,R0006139,S005323,2026-05-15,94985,17645,Completed
B000490,U0446,R0001727,S001488,2026-04-22,131424,12788,Completed
B000491,U0261,R0005925,S005136,2026-06-26,26258,15215,Completed
B000492,U0293,R0005921,S005132,2026-02-06,27148,12168,Completed
B000493,U0368,R0004632,S003980,2026-03-19,142451,4965,Completed
B000494,U0424,R0005769,S004998,2026-03-25,28861,9826,Completed
B000495,U0367,R0003637,S003137,2026-03-08,119698,17477,Completed
B000496,U0009,R0005634,S004894,2026-07-24,37928,16293,Completed
B000497,U0320,R0006195,S005367,2026-04-20,37843,17969,Completed
B000498,U0090,R0006801,S005904,2026-06-09,72811,17112,Completed
B000499,U0254,R0003576,S003097,2026-03-13,114797,8860,Completed
B000500,U0423,R0000811,S000711,2026-04-04,66644,10894,Completed
B000501,U0256,R0000989,S000862,2026-05-06,35353,17319,Completed
B000502,U0336,R0002050,S001797,2026-05-30,210554,8171,Completed
B000503,U0307,R0002016,S001767,2026-04-12,81983,4176,Completed
B000504,U0425,R0004982,S004309,2026-05-29,39929,8640,Completed
B000505,U0054,R0002482,S002166,2026-04-25,46998,15573,Completed
B000506,U0328,R0000213,S000193,2026-06-24,83480,11333,Completed
B000507,U0268,R0002601,S002260,2026-06-06,64621,7436,Completed
B000508,U0165,R0005057,S004374,2026-06-14,47710,14003,Completed
B000509,U0011,R0001398,S001201,2026-05-28,62480,10694,Completed
B000510,U0483,R0001570,S001361,2026-02-19,48885,7192,Completed
B000511,U0337,R0003355,S002906,2026-01-17,44846,5906,Completed
B000512,U0337,R0002188,S001910,2026-03-05,148153,9855,Completed
B000513,U0375,R0004707,S004053,2026-02-12,143406,16350,Completed
B000514,U0195,R0006775,S005881,2026-05-23,47415,12949,Completed
B000515,U0264,R0000965,S000846,2026-06-27,118568,4691,Completed
B000516,U0265,R0000133,S000115,2026-02-11,112397,13886,Completed
B000517,U0240,R0001322,S001138,2026-04-14,103977,11459,Completed
B000518,U0389,R0001504,S001299,2026-08-26,46889,15652,Completed
B000519,U0179,R0004049,S003485,2026-04-05,41684,8625,Completed
B000520,U0432,R0002868,S002502,2026-08-03,132498,9975,Completed
B000521,U0263,R0000063,S000050,2026-05-18,166827,15428,Completed
B000522,U0032,R0004205,S003617,2026-04-13,25095,7720,Completed
B000523,U0250,R0006532,S005651,2026-07-21,30617,10328,Completed
B000524,U0068,R0004021,S003464,2026-01-30,119340,17802,Completed
B000525,U0356,R0000903,S000797,2026-01-15,31337,11646,Completed
B000526,U0098,R0002541,S002218,2026-07-03,33830,6185,Completed
B000527,U0097,R0005999,S005202,2026-03-19,63078,16763,Completed
B000528,U0428,R0000119,S000104,2026-03-03,60743,10856,Completed
B000529,U0487,R0002974,S002593,2026-05-31,37859,12668,Completed
B000530,U0341,R0004929,S004267,2026-07-18,52038,13960,Completed
B000531,U0172,R0001573,S001362,2026-07-22,131872,12543,Completed
B000532,U0478,R0003930,S003389,2026-03-29,50308,12611,Completed
B000533,U0402,R0001533,S001326,2026-07-02,46233,9550,Completed
B000534,U0272,R0006820,S005922,2026-02-17,78946,12000,Completed
B000535,U0395,R0004052,S003486,2026-03-10,49574,8717,Completed
B000536,U0333,R0002860,S002497,2026-04-03,27863,11315,Completed
B000537,U0063,R0003747,S003232,2026-06-07,133647,12644,Completed
B000538,U0496,R0005940,S005147,2026-07-10,160246,9398,Completed
B000539,U0162,R0002287,S001996,2026-06-14,34565,12319,Completed
B000540,U0022,R0003709,S003201,2026-08-18,62334,11041,Completed
B000541,U0245,R0000144,S000128,2026-04-15,212916,9607,Completed
B000542,U0015,R0001954,S001707,2026-02-15,138963,6674,Completed
B000543,U0131,R0003091,S002706,2026-07-05,61431,13777,Completed
B000544,U0017,R0002858,S002494,2026-08-22,40763,7557,Completed
B000545,U0070,R0003006,S002622,2026-03-07,39211,11265,Completed
B000546,U0428,R0003988,S003434,2026-04-24,87773,12981,Completed
B000547,U0100,R0003685,S003182,2026-03-27,48828,14334,Completed
B000548,U0158,R0003896,S003359,2026-05-29,25751,11095,Completed
B000549,U0244,R0002707,S002354,2026-04-04,87102,11114,Completed
B000550,U0106,R0001382,S001185,2026-08-09,51432,15919,Completed
B000551,U0430,R0004214,S003625,2026-06-09,141604,14819,Completed
B000552,U0341,R0004344,S003750,2026-06-27,43336,13793,Completed
B000553,U0443,R0005361,S004658,2026-03-23,57931,14073,Completed
B000554,U0301,R0002336,S002038,2026-02-06,113051,14029,Completed
B000555,U0099,R0004387,S003784,2026-06-04,27993,16896,Completed
B000556,U0376,R0006513,S005633,2026-07-07,39838,16664,Completed
B000557,U0447,R0005405,S004699,2026-08-06,84772,7574,Completed
B000558,U0223,R0005560,S004822,2026-08-31,49402,8789,Completed
B000559,U0014,R0003625,S003129,2026-07-27,52302,6114,Completed
B000560,U0447,R0005226,S004526,2026-03-08,51009,16382,Completed
B000561,U0403,R0000805,S000706,2026-07-12,131560,12392,Completed
B000562,U0254,R0003919,S003380,2026-01-03,96888,5326,Completed
B000563,U0294,R0004158,S003576,2026-05-29,118084,14625,Completed
B000564,U0263,R0004356,S003760,2026-05-13,45574,5150,Completed
B000565,U0272,R0006885,S005978,2026-08-25,71516,8708,Completed
B000566,U0054,R0005331,S004627,2026-02-12,50565,14970,Completed
B000567,U0048,R0003916,S003375,2026-07-21,83119,16798,Completed
B000568,U0389,R0004114,S003542,2026-01-13,38568,10716,Completed
B000569,U0342,R0004178,S003593,2026-07-08,46134,14095,Completed
B000570,U0357,R0000608,S000535,2026-02-17,65332,13379,Completed
B000571,U0242,R0003117,S002727,2026-02-03,138273,16314,Completed
B000572,U0030,R0004109,S003534,2026-03-19,114619,14113,Completed
B000573,U0367,R0004226,S003636,2026-02-16,138167,5605,Completed
B000574,U0075,R0004374,S003775,2026-06-20,44941,4369,Completed
B000575,U0490,R0000911,S000803,2026-04-01,52189,8070,Completed
B000576,U0144,R0003996,S003442,2026-01-26,28555,10196,Completed
B000577,U0314,R0004535,S003897,2026-07-12,32257,5601,Completed
B000578,U0331,R0003430,S002977,2026-04-22,99181,16786,Completed
