attempt_id,click_id,user_id,result_id,search_id,attempt_date
BA000001,C001446,U0035,R0006597,S005704,2026-06-13
BA000002,C001435,U0476,R0002506,S002184,2026-03-02
BA000003,C001453,U0259,R0004171,S003587,2026-02-25
BA000004,C001631,U0358,R0000292,S000265,2026-01-12
BA000005,C002279,U0240,R0001396,S001200,2026-07-11
BA000006,C001935,U0479,R0001870,S001623,2026-02-06
BA000007,C002497,U0279,R0003813,S003292,2026-08-16
BA000008,C000299,U0492,R0004195,S003608,2026-08-24
BA000009,C002242,U0076,R0006904,S005993,2026-06-30
BA000010,C001798,U0498,R0002497,S002175,2026-03-30
BA000011,C000731,U0287,R0002695,S002343,2026-04-21
BA000012,C002465,U0359,R0001107,S000963,2026-01-04
BA000013,C001184,U0499,R0002146,S001872,2026-03-17
BA000014,C001736,U0327,R0002382,S002078,2026-06-30
BA000015,C001941,U0133,R0005265,S004566,2026-02-10
BA000016,C002432,U0160,R0001922,S001676,2026-07-03
BA000017,C000862,U0376,R0004507,S003877,2026-04-23
BA000018,C001809,U0357,R0006676,S005790,2026-06-18
BA000019,C001632,U0449,R0004430,S003822,2026-03-04
BA000020,C000467,U0217,R0001142,S000996,2026-05-09
BA000021,C000637,U0250,R0001793,S001551,2026-03-31
BA000022,C001405,U0245,R0002375,S002074,2026-06-09
BA000023,C000362,U0357,R0001950,S001706,2026-03-06
BA000024,C000530,U0365,R0002821,S002456,2026-04-22
BA000025,C001108,U0051,R0005850,S005076,2026-05-20
BA000026,C000076,U0002,R0006523,S005643,2026-03-30
BA000027,C000336,U0498,R0001956,S001709,2026-05-18
BA000028,C000909,U0281,R0003021,S002639,2026-03-07
BA000029,C000793,U0229,R0003903,S003366,2026-02-20
BA000030,C000625,U0069,R0002269,S001981,2026-07-09
BA000031,C002381,U0462,R0000290,S000261,2026-08-20
BA000032,C000049,U0169,R0000465,S000407,2026-03-23
BA000033,C001128,U0001,R0004145,S003567,2026-05-16
BA000034,C001117,U0304,R0001131,S000985,2026-07-01
BA000035,C001612,U0064,R0006190,S005362,2026-04-29
BA000036,C000204,U0398,R0001471,S001269,2026-04-08
BA000037,C001037,U0481,R0000642,S000569,2026-04-18
BA000038,C000112,U0424,R0003649,S003148,2026-05-24
BA000039,C002598,U0441,R0005714,S004954,2026-08-26
BA000040,C000054,U0327,R0000617,S000547,2026-08-13
BA000041,C000287,U0450,R0000227,S000208,2026-08-09
BA000042,C001372,U0074,R0003741,S003224,2026-06-02
BA000043,C000708,U0244,R0000020,S000017,2026-01-10
BA000044,C000838,U0058,R0004425,S003819,2026-03-06
BA000045,C000594,U0362,R0004124,S003551,2026-06-19
BA000046,C002399,U0254,R0004841,S004183,2026-04-30
BA000047,C001382,U0139,R0005246,S004549,2026-04-27
BA000048,C001149,U0465,R0001548,S001336,2026-07-16
BA000049,C000355,U0136,R0004576,S003929,2026-02-07
BA000050,C000249,U0241,R0000482,S000419,2026-06-25
BA000051,C001335,U0067,R0004538,S003900,2026-05-17
BA000052,C000638,U0158,R0000220,S000198,2026-03-09
BA000053,C002194,U0040,R0006022,S005229,2026-03-29
BA000054,C002398,U0392,R0002244,S001959,2026-08-27
BA000055,C001494,U0467,R0001771,S001530,2026-07-26
BA000056,C001692,U0125,R0006884,S005976,2026-07-24
BA000057,C001375,U0204,R0006530,S005650,2026-06-28
BA000058,C002269,U0052,R0005821,S005038,2026-04-16
BA000059,C001038,U0134,R0006159,S005338,2026-02-11
BA000060,C002313,U0278,R0005434,S004729,2026-03-20
BA000061,C001246,U0002,R0006567,S005681,2026-05-02
BA000062,C000839,U0203,R0001512,S001305,2026-06-30
BA000063,C001845,U0084,R0005492,S004774,2026-01-03
BA000064,C001202,U0086,R0004726,S004067,2026-03-17
BA000065,C001527,U0288,R0003522,S003051,2026-03-17
BA000066,C001284,U0077,R0004132,S003557,2026-05-09
BA000067,C001274,U0169,R0001606,S001392,2026-01-08
BA000068,C002570,U0259,R0003083,S002690,2026-04-10
BA000069,C000027,U0351,R0001941,S001698,2026-07-03
BA000070,C001479,U0099,R0000404,S000367,2026-03-11
BA000071,C000506,U0299,R0001221,S001064,2026-04-21
BA000072,C001222,U0411,R0006031,S005240,2026-04-24
BA000073,C000736,U0288,R0001196,S001036,2026-06-25
BA000074,C000542,U0193,R0000917,S000807,2026-03-13
BA000075,C000607,U0177,R0004557,S003914,2026-07-15
BA000076,C002265,U0487,R0002216,S001939,2026-01-01
BA000077,C000378,U0106,R0000082,S000066,2026-08-21
BA000078,C000132,U0127,R0004907,S004249,2026-07-19
BA000079,C000297,U0320,R0006452,S005577,2026-03-28
BA000080,C001361,U0403,R0002697,S002345,2026-06-26
BA000081,C001863,U0334,R0006557,S005671,2026-02-03
BA000082,C001041,U0462,R0000550,S000477,2026-04-08
BA000083,C000551,U0375,R0002435,S002121,2026-07-31
BA000084,C002163,U0232,R0004447,S003835,2026-05-24
BA000085,C000772,U0173,R0000674,S000600,2026-04-03
BA000086,C002258,U0145,R0003350,S002899,2026-08-13
BA000087,C002558,U0081,R0001308,S001128,2026-08-16
BA000088,C000715,U0254,R0004842,S004183,2026-04-30
BA000089,C002467,U0106,R0000121,S000105,2026-03-31
BA000090,C001593,U0262,R0000129,S000112,2026-04-22
BA000091,C002550,U0492,R0005696,S004941,2026-04-13
BA000092,C002187,U0419,R0005659,S004916,2026-08-12
BA000093,C001886,U0134,R0006841,S005943,2026-02-07
BA000094,C001072,U0193,R0001877,S001633,2026-07-28
BA000095,C001876,U0452,R0000373,S000334,2026-05-30
BA000096,C001010,U0085,R0005747,S004980,2026-01-18
BA000097,C001326,U0431,R0006755,S005862,2026-08-13
BA000098,C001976,U0387,R0006028,S005237,2026-05-15
BA000099,C002104,U0471,R0002985,S002601,2026-05-13
BA000100,C000643,U0021,R0000772,S000675,2026-08-21
BA000101,C000409,U0112,R0002562,S002231,2026-05-29
BA000102,C001926,U0005,R0003578,S003098,2026-03-12
BA000103,C000705,U0054,R0005905,S005120,2026-02-11
BA000104,C002193,U0240,R0005027,S004356,2026-01-08
BA000105,C001288,U0393,R0002836,S002469,2026-06-04
BA000106,C000830,U0260,R0003833,S003306,2026-06-08
BA000107,C002436,U0393,R0003052,S002667,2026-07-18
BA000108,C001548,U0293,R0002661,S002311,2026-04-08
BA000109,C001086,U0202,R0005729,S004963,2026-08-27
BA000110,C002477,U0101,R0005893,S005110,2026-08-02
BA000111,C001694,U0020,R0001337,S001152,2026-05-09
BA000112,C000641,U0246,R0005471,S004760,2026-06-03
BA000113,C002484,U0344,R0004382,S003782,2026-04-08
BA000114,C002300,U0055,R0000702,S000620,2026-03-08
BA000115,C001555,U0196,R0003643,S003143,2026-02-23
BA000116,C001408,U0444,R0001261,S001091,2026-05-01
BA000117,C001999,U0471,R0004867,S004209,2026-07-01
BA000118,C000875,U0368,R0006666,S005774,2026-01-23
BA000119,C000459,U0239,R0004987,S004314,2026-07-07
BA000120,C001769,U0104,R0006257,S005421,2026-02-12
BA000121,C001239,U0073,R0003169,S002768,2026-04-20
BA000122,C002083,U0026,R0004727,S004068,2026-06-21
BA000123,C000394,U0347,R0001806,S001565,2026-02-19
BA000124,C000329,U0020,R0005120,S004430,2026-04-01
BA000125,C000955,U0426,R0002108,S001842,2026-08-25
BA000126,C000068,U0431,R0006756,S005862,2026-08-13
BA000127,C000884,U0166,R0002556,S002228,2026-05-23
BA000128,C001325,U0337,R0001766,S001527,2026-02-13
BA000129,C000587,U0392,R0005793,S005021,2026-06-22
BA000130,C001187,U0312,R0003793,S003272,2026-03-03
BA000131,C001397,U0177,R0004031,S003474,2026-04-28
BA000132,C000923,U0076,R0006903,S005993,2026-06-30
BA000133,C001107,U0010,R0005056,S004373,2026-08-03
BA000134,C001370,U0488,R0001159,S001016,2026-02-03
BA000135,C002230,U0449,R0002093,S001831,2026-07-13
BA000136,C000769,U0003,R0006106,S005296,2026-07-23
BA000137,C000474,U0004,R0004091,S003516,2026-08-14
BA000138,C000235,U0058,R0002456,S002140,2026-07-28
BA000139,C001281,U0159,R0005404,S004698,2026-06-13
BA000140,C002263,U0168,R0006855,S005953,2026-01-06
BA000141,C000285,U0300,R0001340,S001154,2026-04-17
BA000142,C002110,U0084,R0005491,S004774,2026-01-03
BA000143,C001465,U0083,R0004394,S003789,2026-08-11
BA000144,C001106,U0189,R0005579,S004839,2026-02-08
BA000145,C002498,U0105,R0000181,S000158,2026-06-21
BA000146,C001810,U0413,R0003482,S003022,2026-07-19
BA000147,C001698,U0178,R0001176,S001024,2026-05-06
BA000148,C001754,U0265,R0001807,S001567,2026-04-22
BA000149,C000611,U0412,R0002440,S002124,2026-03-12
BA000150,C000920,U0394,R0004413,S003808,2026-05-29
BA000151,C000763,U0306,R0005856,S005081,2026-01-03
BA000152,C001217,U0162,R0002992,S002606,2026-05-30
BA000153,C000372,U0233,R0000092,S000076,2026-01-10
BA000154,C001801,U0298,R0002201,S001924,2026-03-29
BA000155,C001473,U0148,R0002115,S001847,2026-07-23
BA000156,C001825,U0244,R0002706,S002354,2026-04-02
BA000157,C001942,U0154,R0000513,S000446,2026-05-08
BA000158,C000761,U0134,R0002865,S002501,2026-01-08
BA000159,C001625,U0217,R0004702,S004047,2026-01-03
BA000160,C001953,U0326,R0002128,S001858,2026-03-03
BA000161,C000077,U0281,R0001419,S001218,2026-05-27
BA000162,C000157,U0434,R0000097,S000079,2026-02-25
BA000163,C001729,U0242,R0001495,S001290,2026-05-21
BA000164,C000376,U0309,R0006016,S005225,2026-08-27
BA000165,C000100,U0128,R0003764,S003244,2026-03-13
BA000166,C001851,U0019,R0001575,S001364,2026-01-31
BA000167,C000560,U0008,R0000013,S000012,2026-01-03
BA000168,C001323,U0009,R0000154,S000133,2026-07-18
BA000169,C001735,U0206,R0005970,S005177,2026-04-27
BA000170,C002411,U0207,R0005681,S004931,2026-06-29
BA000171,C001621,U0294,R0000827,S000728,2026-01-19
BA000172,C001638,U0380,R0002941,S002565,2026-02-07
BA000173,C001130,U0302,R0000625,S000553,2026-08-17
BA000174,C000868,U0228,R0000527,S000456,2026-06-06
BA000175,C001099,U0382,R0006723,S005832,2026-07-31
BA000176,C000567,U0243,R0003174,S002770,2026-06-26
BA000177,C002199,U0413,R0005400,S004694,2026-01-19
BA000178,C001133,U0275,R0003628,S003130,2026-03-16
BA000179,C000314,U0320,R0006132,S005317,2026-06-13
BA000180,C000247,U0326,R0006767,S005872,2026-02-10
BA000181,C000221,U0005,R0001619,S001400,2026-05-31
BA000182,C001554,U0185,R0006211,S005380,2026-02-25
BA000183,C001755,U0040,R0000276,S000247,2026-04-05
BA000184,C000446,U0401,R0000871,S000768,2026-04-11
BA000185,C002305,U0113,R0006295,S005454,2026-03-23
BA000186,C001939,U0243,R0000684,S000608,2026-01-02
BA000187,C002010,U0351,R0002896,S002530,2026-04-16
BA000188,C001522,U0060,R0000695,S000614,2026-08-28
BA000189,C000309,U0279,R0003800,S003277,2026-03-08
BA000190,C002406,U0491,R0003876,S003342,2026-01-19
BA000191,C002532,U0394,R0002906,S002536,2026-02-21
BA000192,C000024,U0036,R0001702,S001465,2026-02-28
BA000193,C001693,U0447,R0001096,S000952,2026-01-06
BA000194,C002282,U0172,R0003831,S003305,2026-06-06
BA000195,C001514,U0189,R0003446,S002991,2026-01-22
BA000196,C002296,U0325,R0004058,S003492,2026-08-01
BA000197,C001123,U0353,R0002048,S001795,2026-08-21
BA000198,C000557,U0453,R0002059,S001803,2026-01-03
BA000199,C001669,U0498,R0005004,S004329,2026-01-07
BA000200,C001787,U0499,R0000777,S000678,2026-04-16
BA000201,C002368,U0029,R0005901,S005117,2026-08-25
BA000202,C000105,U0326,R0001311,S001132,2026-07-16
BA000203,C001857,U0036,R0002403,S002098,2026-07-20
BA000204,C001530,U0256,R0001268,S001097,2026-05-25
BA000205,C001595,U0459,R0003872,S003340,2026-08-21
BA000206,C000610,U0031,R0005591,S004846,2026-03-06
BA000207,C001762,U0296,R0004227,S003637,2026-02-05
BA000208,C002583,U0360,R0005797,S005023,2026-01-29
BA000209,C001206,U0457,R0001067,S000929,2026-04-22
BA000210,C002138,U0042,R0006833,S005938,2026-01-11
BA000211,C001866,U0250,R0006368,S005504,2026-01-12
BA000212,C001807,U0130,R0001314,S001134,2026-08-09
BA000213,C002202,U0452,R0001440,S001239,2026-04-22
BA000214,C000895,U0058,R0002681,S002333,2026-01-25
BA000215,C001466,U0434,R0003098,S002712,2026-07-14
BA000216,C001077,U0115,R0006719,S005829,2026-04-04
BA000217,C000001,U0143,R0006057,S005257,2026-05-28
BA000218,C002367,U0437,R0006466,S005592,2026-07-30
BA000219,C000088,U0184,R0006694,S005807,2026-07-10
BA000220,C000754,U0217,R0005780,S005006,2026-06-22
BA000221,C000106,U0358,R0003925,S003382,2026-04-25
BA000222,C001045,U0395,R0005333,S004629,2026-04-04
BA000223,C000343,U0092,R0004952,S004293,2026-03-28
BA000224,C000928,U0052,R0000873,S000769,2026-01-08
BA000225,C002035,U0476,R0002129,S001860,2026-05-18
BA000226,C001661,U0321,R0005348,S004642,2026-07-28
BA000227,C000999,U0023,R0002704,S002353,2026-07-15
BA000228,C000694,U0339,R0005014,S004343,2026-06-15
BA000229,C000370,U0365,R0005960,S005169,2026-02-24
BA000230,C001517,U0163,R0003999,S003444,2026-03-02
BA000231,C002593,U0316,R0002879,S002510,2026-04-14
BA000232,C001263,U0152,R0006498,S005617,2026-07-04
BA000233,C000293,U0151,R0002914,S002543,2026-07-27
BA000234,C002235,U0468,R0000135,S000116,2026-07-22
BA000235,C002434,U0307,R0004595,S003946,2026-05-31
BA000236,C001592,U0498,R0005834,S005055,2026-08-15
BA000237,C001293,U0155,R0001800,S001558,2026-04-19
BA000238,C000981,U0041,R0006394,S005525,2026-05-17
BA000239,C000725,U0264,R0000966,S000846,2026-06-24
BA000240,C001058,U0184,R0000626,S000554,2026-06-09
BA000241,C000762,U0414,R0004786,S004129,2026-02-11
BA000242,C002148,U0292,R0006496,S005616,2026-01-15
BA000243,C000084,U0009,R0006851,S005949,2026-06-18
BA000244,C000525,U0297,R0001622,S001401,2026-02-09
BA000245,C001017,U0180,R0003772,S003250,2026-01-28
BA000246,C002144,U0274,R0005971,S005178,2026-07-10
BA000247,C001923,U0198,R0001256,S001089,2026-07-30
BA000248,C002360,U0054,R0005906,S005120,2026-02-11
BA000249,C001836,U0021,R0005066,S004383,2026-02-13
BA000250,C001371,U0197,R0000994,S000866,2026-07-29
BA000251,C000095,U0388,R0004533,S003892,2026-06-30
BA000252,C001717,U0005,R0006745,S005853,2026-02-23
BA000253,C001486,U0413,R0001350,S001160,2026-02-27
BA000254,C001913,U0071,R0005611,S004871,2026-05-11
BA000255,C000564,U0146,R0000010,S000006,2026-07-19
BA000256,C000007,U0302,R0003669,S003167,2026-06-16
BA000257,C001392,U0060,R0005974,S005181,2026-02-16
BA000258,C000741,U0203,R0002870,S002503,2026-04-24
BA000259,C002393,U0321,R0001917,S001673,2026-08-06
BA000260,C001478,U0099,R0006625,S005727,2026-06-28
BA000261,C000289,U0430,R0001290,S001116,2026-03-15
BA000262,C002076,U0471,R0001611,S001394,2026-03-05
BA000263,C001450,U0191,R0006268,S005432,2026-05-25
BA000264,C001161,U0160,R0004878,S004217,2026-08-20
BA000265,C002255,U0160,R0004444,S003832,2026-08-07
BA000266,C001765,U0183,R0003699,S003191,2026-01-15
BA000267,C002140,U0481,R0000641,S000569,2026-04-18
BA000268,C002585,U0231,R0004855,S004200,2026-05-05
BA000269,C001094,U0273,R0002296,S002003,2026-06-01
BA000270,C001615,U0139,R0001233,S001072,2026-07-02
BA000271,C002177,U0026,R0006019,S005226,2026-08-28
BA000272,C002018,U0367,R0006897,S005989,2026-07-21
BA000273,C000439,U0407,R0003414,S002966,2026-03-20
BA000274,C002132,U0146,R0006015,S005220,2026-04-22
BA000275,C001730,U0344,R0005732,S004965,2026-05-13
BA000276,C002392,U0360,R0002495,S002174,2026-07-20
BA000277,C000508,U0289,R0002774,S002407,2026-04-11
BA000278,C002373,U0140,R0000785,S000685,2026-07-19
BA000279,C001772,U0387,R0000399,S000364,2026-07-26
BA000280,C002067,U0478,R0000886,S000781,2026-03-31
BA000281,C002074,U0419,R0001719,S001481,2026-08-25
BA000282,C001901,U0205,R0002365,S002059,2026-03-26
BA000283,C001152,U0143,R0004743,S004089,2026-07-03
BA000284,C001839,U0122,R0001441,S001241,2026-08-28
BA000285,C001305,U0373,R0002470,S002154,2026-01-28
BA000286,C000685,U0338,R0004316,S003722,2026-07-26
BA000287,C001062,U0300,R0001341,S001154,2026-04-17
BA000288,C001800,U0435,R0003885,S003351,2026-03-27
BA000289,C001858,U0271,R0001656,S001427,2026-06-08
BA000290,C001599,U0421,R0004016,S003460,2026-01-23
BA000291,C001088,U0298,R0006248,S005413,2026-04-23
BA000292,C001471,U0281,R0000706,S000626,2026-07-12
BA000293,C002120,U0220,R0006095,S005289,2026-07-04
BA000294,C002072,U0389,R0002819,S002447,2026-03-12
BA000295,C001227,U0074,R0000460,S000405,2026-06-05
BA000296,C002097,U0340,R0000073,S000060,2026-01-03
BA000297,C002207,U0155,R0005624,S004882,2026-05-10
BA000298,C002506,U0202,R0005680,S004930,2026-05-24
BA000299,C002341,U0052,R0003978,S003426,2026-03-25
BA000300,C001547,U0228,R0006520,S005639,2026-03-23
BA000301,C001377,U0171,R0000426,S000382,2026-05-29
BA000302,C001085,U0241,R0004559,S003916,2026-08-22
BA000303,C000844,U0279,R0002957,S002580,2026-04-02
BA000304,C001110,U0044,R0006171,S005349,2026-04-19
BA000305,C000544,U0429,R0001304,S001123,2026-02-02
BA000306,C000531,U0085,R0002768,S002405,2026-02-03
BA000307,C002396,U0326,R0002127,S001858,2026-03-03
BA000308,C001172,U0272,R0002576,S002247,2026-03-04
BA000309,C001804,U0488,R0001108,S000964,2026-06-27
BA000310,C001652,U0269,R0001229,S001069,2026-08-15
BA000311,C000404,U0046,R0006870,S005967,2026-06-21
BA000312,C001391,U0013,R0006713,S005823,2026-08-12
BA000313,C002294,U0102,R0002182,S001906,2026-06-10
BA000314,C000430,U0472,R0000051,S000041,2026-07-24
BA000315,C002511,U0142,R0005789,S005018,2026-04-10
BA000316,C000989,U0246,R0004755,S004103,2026-06-18
BA000317,C000891,U0081,R0003308,S002867,2026-07-16
BA000318,C001609,U0375,R0004708,S004053,2026-02-11
BA000319,C001907,U0088,R0004281,S003688,2026-04-30
BA000320,C002170,U0113,R0006782,S005886,2026-06-29
BA000321,C002071,U0361,R0001298,S001120,2026-02-10
BA000322,C000889,U0457,R0004066,S003496,2026-07-22
BA000323,C001861,U0073,R0000609,S000536,2026-03-28
BA000324,C001232,U0238,R0003275,S002842,2026-01-02
BA000325,C001499,U0475,R0000810,S000710,2026-08-06
BA000326,C001074,U0228,R0005639,S004896,2026-08-10
BA000327,C000192,U0338,R0001597,S001385,2026-07-14
BA000328,C000886,U0312,R0000856,S000751,2026-08-11
BA000329,C001007,U0058,R0003906,S003369,2026-04-10
BA000330,C001542,U0436,R0000056,S000044,2026-07-31
BA000331,C000170,U0027,R0000730,S000648,2026-08-25
BA000332,C000675,U0230,R0001172,S001022,2026-07-26
BA000333,C001039,U0236,R0004747,S004096,2026-08-26
BA000334,C001364,U0068,R0006829,S005935,2026-07-05
BA000335,C000064,U0253,R0000052,S000042,2026-05-01
BA000336,C000972,U0460,R0004979,S004308,2026-08-13
BA000337,C000961,U0367,R0000326,S000288,2026-07-16
BA000338,C000876,U0044,R0006734,S005842,2026-01-12
BA000339,C002524,U0140,R0002060,S001804,2026-07-30
BA000340,C002155,U0389,R0001325,S001140,2026-08-09
BA000341,C002295,U0119,R0004997,S004325,2026-05-13
BA000342,C001921,U0456,R0002614,S002275,2026-02-27
BA000343,C001869,U0270,R0000352,S000313,2026-05-10
BA000344,C001145,U0143,R0001334,S001149,2026-04-14
BA000345,C001341,U0200,R0005767,S004997,2026-04-29
BA000346,C001493,U0456,R0004659,S004007,2026-01-18
BA000347,C001354,U0155,R0005372,S004670,2026-03-15
BA000348,C001853,U0090,R0005722,S004959,2026-07-30
BA000349,C000887,U0220,R0002874,S002506,2026-03-06
BA000350,C000656,U0262,R0002352,S002050,2026-02-12
BA000351,C000127,U0416,R0001703,S001466,2026-02-15
BA000352,C001429,U0105,R0004898,S004241,2026-06-24
BA000353,C001536,U0465,R0005617,S004876,2026-02-18
BA000354,C002152,U0294,R0004651,S004003,2026-06-06
BA000355,C001485,U0439,R0002547,S002221,2026-03-21
BA000356,C000834,U0161,R0003213,S002798,2026-05-23
BA000357,C002185,U0266,R0002328,S002031,2026-07-03
BA000358,C001073,U0064,R0001371,S001179,2026-01-09
BA000359,C001572,U0199,R0006663,S005773,2026-08-09
BA000360,C001066,U0189,R0005114,S004426,2026-03-23
BA000361,C001949,U0044,R0000476,S000415,2026-07-30
BA000362,C000403,U0357,R0002537,S002215,2026-07-10
BA000363,C001049,U0134,R0006158,S005338,2026-02-11
BA000364,C002483,U0445,R0005234,S004534,2026-05-17
BA000365,C000193,U0488,R0001158,S001016,2026-02-03
BA000366,C001879,U0172,R0002423,S002113,2026-07-20
BA000367,C002088,U0462,R0000386,S000350,2026-05-26
BA000368,C000845,U0183,R0000208,S000185,2026-01-18
BA000369,C002519,U0428,R0005956,S005165,2026-05-11
BA000370,C002507,U0370,R0001710,S001474,2026-06-02
BA000371,C001630,U0030,R0002131,S001862,2026-06-21
BA000372,C000942,U0259,R0006753,S005858,2026-03-25
BA000373,C000438,U0078,R0001182,S001028,2026-08-09
BA000374,C000504,U0046,R0001345,S001156,2026-02-22
BA000375,C000207,U0391,R0005991,S005195,2026-04-06
BA000376,C000572,U0042,R0003081,S002689,2026-07-08
BA000377,C001265,U0082,R0005410,S004702,2026-01-11
BA000378,C002421,U0151,R0002913,S002543,2026-07-27
BA000379,C002363,U0301,R0006603,S005707,2026-07-17
BA000380,C001484,U0052,R0000874,S000769,2026-01-08
BA000381,C000556,U0380,R0002970,S002591,2026-04-28
BA000382,C001433,U0334,R0005263,S004563,2026-02-28
BA000383,C000023,U0441,R0006322,S005471,2026-03-09
BA000384,C001040,U0031,R0002270,S001982,2026-03-25
BA000385,C002539,U0221,R0005683,S004933,2026-05-16
BA000386,C001541,U0336,R0003565,S003087,2026-02-03
BA000387,C001864,U0356,R0000166,S000144,2026-04-22
BA000388,C001985,U0338,R0001642,S001420,2026-06-19
BA000389,C000857,U0015,R0003513,S003041,2026-01-04
BA000390,C001065,U0475,R0003914,S003373,2026-05-24
BA000391,C001162,U0019,R0003397,S002944,2026-03-14
BA000392,C002053,U0148,R0001665,S001437,2026-07-30
BA000393,C002030,U0114,R0002445,S002130,2026-04-18
BA000394,C002352,U0207,R0005178,S004479,2026-01-18
BA000395,C000951,U0262,R0000888,S000782,2026-07-05
BA000396,C002216,U0231,R0006432,S005559,2026-03-26
BA000397,C002092,U0016,R0003154,S002757,2026-07-04
BA000398,C000159,U0318,R0006739,S005845,2026-03-23
BA000399,C000590,U0314,R0000792,S000693,2026-06-24
BA000400,C001384,U0073,R0003171,S002768,2026-04-20
BA000401,C002418,U0009,R0005427,S004721,2026-04-20
BA000402,C002146,U0189,R0005920,S005131,2026-05-25
BA000403,C000261,U0159,R0005993,S005197,2026-03-02
BA000404,C002208,U0076,R0006867,S005960,2026-03-14
BA000405,C000341,U0282,R0006494,S005613,2026-04-25
BA000406,C001916,U0196,R0005516,S004792,2026-08-14
BA000407,C002374,U0398,R0001894,S001652,2026-04-04
BA000408,C001121,U0342,R0000591,S000511,2026-02-08
BA000409,C001495,U0436,R0003506,S003035,2026-05-20
BA000410,C001523,U0234,R0001053,S000913,2026-08-13
BA000411,C000191,U0211,R0001822,S001582,2026-05-21
BA000412,C000125,U0471,R0003651,S003149,2026-06-05
BA000413,C001636,U0334,R0001783,S001542,2026-03-25
BA000414,C002541,U0437,R0001285,S001109,2026-06-28
BA000415,C001398,U0449,R0001278,S001105,2026-06-17
BA000416,C002091,U0378,R0003376,S002923,2026-02-19
BA000417,C001733,U0028,R0004957,S004296,2026-06-06
BA000418,C002149,U0331,R0002893,S002528,2026-04-22
BA000419,C002451,U0325,R0000216,S000194,2026-01-28
BA000420,C000842,U0274,R0004228,S003638,2026-03-28
BA000421,C002403,U0277,R0005524,S004799,2026-05-24
BA000422,C000800,U0006,R0003076,S002685,2026-04-21
BA000423,C000579,U0149,R0002151,S001877,2026-08-25
BA000424,C000661,U0172,R0005945,S005154,2026-04-04
BA000425,C002249,U0019,R0002005,S001752,2026-02-18
BA000426,C002157,U0250,R0000183,S000160,2026-04-14
BA000427,C000946,U0299,R0000400,S000365,2026-01-18
BA000428,C000440,U0470,R0003991,S003437,2026-02-25
BA000429,C000881,U0174,R0005771,S004999,2026-04-27
BA000430,C002377,U0409,R0004977,S004306,2026-07-02
BA000431,C001715,U0334,R0002489,S002170,2026-08-17
BA000432,C001318,U0335,R0002766,S002404,2026-05-14
BA000433,C001147,U0254,R0000666,S000595,2026-05-10
BA000434,C000937,U0049,R0000058,S000046,2026-05-28
BA000435,C001331,U0425,R0004547,S003908,2026-07-02
BA000436,C002458,U0001,R0000203,S000180,2026-01-15
BA000437,C002288,U0488,R0006468,S005595,2026-01-02
BA000438,C002440,U0167,R0000963,S000844,2026-08-02
BA000439,C002337,U0471,R0000070,S000055,2026-07-12
BA000440,C001967,U0149,R0003068,S002677,2026-06-28
BA000441,C001282,U0069,R0004130,S003554,2026-02-10
BA000442,C001481,U0206,R0002031,S001777,2026-05-20
BA000443,C000146,U0095,R0005962,S005170,2026-05-12
BA000444,C000615,U0074,R0006426,S005554,2026-06-28
BA000445,C001135,U0031,R0005716,S004955,2026-02-02
BA000446,C000318,U0083,R0004395,S003789,2026-08-11
BA000447,C002175,U0056,R0001181,S001027,2026-03-19
BA000448,C001349,U0448,R0004096,S003522,2026-01-21
BA000449,C001214,U0068,R0000890,S000783,2026-06-05
BA000450,C000284,U0485,R0003186,S002781,2026-04-21
BA000451,C002231,U0247,R0002629,S002286,2026-03-26
BA000452,C000768,U0157,R0006724,S005833,2026-06-19
BA000453,C000848,U0310,R0003536,S003061,2026-06-21
BA000454,C001742,U0383,R0004630,S003979,2026-05-12
BA000455,C001627,U0084,R0000333,S000294,2026-01-02
BA000456,C001141,U0461,R0005874,S005093,2026-08-25
BA000457,C002496,U0038,R0004501,S003873,2026-01-07
BA000458,C000806,U0119,R0002784,S002414,2026-03-08
BA000459,C002408,U0392,R0006385,S005514,2026-04-27
BA000460,C001962,U0066,R0003546,S003065,2026-06-07
BA000461,C001543,U0205,R0001063,S000927,2026-07-29
BA000462,C000963,U0498,R0001162,S001017,2026-08-15
BA000463,C002439,U0228,R0006234,S005399,2026-07-03
BA000464,C001951,U0488,R0000677,S000602,2026-04-20
BA000465,C002081,U0368,R0001263,S001093,2026-03-01
BA000466,C000187,U0447,R0003491,S003027,2026-06-16
BA000467,C000267,U0236,R0006222,S005388,2026-03-28
BA000468,C001131,U0372,R0002881,S002513,2026-03-25
BA000469,C000850,U0498,R0005002,S004329,2026-01-07
BA000470,C000867,U0187,R0003913,S003372,2026-04-17
BA000471,C001620,U0490,R0003250,S002819,2026-03-24
BA000472,C002024,U0261,R0002256,S001967,2026-07-21
BA000473,C001150,U0240,R0005025,S004356,2026-01-08
BA000474,C001989,U0353,R0004915,S004256,2026-08-16
BA000475,C001878,U0344,R0006516,S005635,2026-05-29
BA000476,C000083,U0299,R0005023,S004354,2026-07-12
BA000477,C001613,U0158,R0000338,S000296,2026-03-10
BA000478,C002545,U0270,R0002845,S002478,2026-04-27
BA000479,C002158,U0275,R0004541,S003901,2026-03-08
BA000480,C001585,U0026,R0000564,S000487,2026-02-20
BA000481,C001339,U0218,R0004574,S003927,2026-07-12
BA000482,C001579,U0014,R0005393,S004688,2026-02-26
BA000483,C001565,U0152,R0003221,S002802,2026-05-06
BA000484,C000345,U0250,R0002952,S002576,2026-02-08
BA000485,C000344,U0372,R0004937,S004275,2026-07-11
BA000486,C002591,U0267,R0002203,S001927,2026-05-21
BA000487,C002006,U0428,R0004790,S004135,2026-04-14
BA000488,C002284,U0493,R0000098,S000080,2026-02-07
BA000489,C000621,U0267,R0000226,S000205,2026-06-25
BA000490,C000561,U0133,R0004550,S003910,2026-01-26
BA000491,C002459,U0063,R0004593,S003944,2026-04-20
BA000492,C002378,U0242,R0004285,S003690,2026-08-02
BA000493,C000739,U0152,R0006344,S005488,2026-01-21
BA000494,C002311,U0143,R0002942,S002566,2026-04-02
BA000495,C001597,U0058,R0003711,S003204,2026-05-02
BA000496,C000680,U0037,R0004188,S003603,2026-01-25
BA000497,C000045,U0161,R0004301,S003708,2026-02-11
BA000498,C001324,U0339,R0003034,S002652,2026-07-13
BA000499,C000013,U0304,R0000017,S000014,2026-03-24
BA000500,C001388,U0058,R0003810,S003288,2026-06-13
BA000501,C001842,U0410,R0005533,S004807,2026-04-21
BA000502,C000292,U0476,R0003448,S002992,2026-04-25
BA000503,C000162,U0141,R0000315,S000281,2026-06-28
BA000504,C001063,U0316,R0001390,S001191,2026-06-13
BA000505,C001477,U0122,R0001722,S001482,2026-02-07
BA000506,C000799,U0264,R0004825,S004167,2026-01-13
BA000507,C001415,U0285,R0000764,S000671,2026-03-01
BA000508,C001740,U0094,R0006266,S005431,2026-06-11
BA000509,C000532,U0435,R0002087,S001824,2026-08-18
BA000510,C001972,U0243,R0001751,S001509,2026-03-01
BA000511,C000965,U0368,R0002427,S002115,2026-06-07
BA000512,C001005,U0111,R0000321,S000286,2026-08-26
BA000513,C000176,U0053,R0004306,S003712,2026-04-21
BA000514,C000301,U0409,R0004111,S003536,2026-02-17
BA000515,C000683,U0180,R0006134,S005320,2026-01-10
BA000516,C002095,U0309,R0003133,S002738,2026-06-02
BA000517,C001681,U0053,R0002682,S002334,2026-01-08
BA000518,C000785,U0163,R0004000,S003444,2026-03-02
BA000519,C001046,U0357,R0002345,S002042,2026-08-16
BA000520,C000804,U0199,R0001085,S000946,2026-02-22
BA000521,C000917,U0079,R0001604,S001391,2026-01-10
BA000522,C001269,U0312,R0000158,S000136,2026-04-16
BA000523,C001455,U0455,R0006437,S005563,2026-07-19
BA000524,C000640,U0092,R0003597,S003111,2026-07-04
BA000525,C002283,U0447,R0003470,S003011,2026-05-26
BA000526,C002262,U0424,R0003650,S003148,2026-05-24
BA000527,C001079,U0073,R0006032,S005243,2026-02-03
BA000528,C002428,U0402,R0005408,S004701,2026-06-13
BA000529,C000949,U0096,R0004201,S003612,2026-03-07
BA000530,C001137,U0215,R0001866,S001622,2026-02-04
BA000531,C001491,U0269,R0001231,S001069,2026-08-15
BA000532,C000686,U0243,R0005009,S004334,2026-02-15
BA000533,C001011,U0213,R0004026,S003467,2026-06-05
BA000534,C000021,U0232,R0005078,S004394,2026-08-24
BA000535,C000533,U0320,R0001789,S001548,2026-06-24
BA000536,C002005,U0429,R0001535,S001327,2026-01-12
BA000537,C001947,U0169,R0001010,S000876,2026-08-01
BA000538,C001304,U0258,R0000997,S000867,2026-04-06
BA000539,C000599,U0214,R0000974,S000854,2026-06-07
BA000540,C001970,U0228,R0000526,S000456,2026-06-06
BA000541,C002154,U0206,R0002553,S002226,2026-01-19
BA000542,C001753,U0286,R0005349,S004648,2026-01-26
BA000543,C001186,U0393,R0004148,S003569,2026-03-18
BA000544,C002494,U0457,R0004237,S003644,2026-06-27
BA000545,C001322,U0482,R0002812,S002438,2026-07-05
BA000546,C000870,U0497,R0002169,S001895,2026-05-25
BA000547,C001205,U0302,R0000857,S000752,2026-08-23
BA000548,C002237,U0142,R0004331,S003739,2026-08-03
BA000549,C002129,U0499,R0000776,S000678,2026-04-16
BA000550,C000328,U0186,R0000650,S000579,2026-06-15
BA000551,C000122,U0479,R0006151,S005334,2026-02-22
BA000552,C001997,U0184,R0006831,S005936,2026-08-06
BA000553,C001774,U0345,R0004642,S003996,2026-04-14
BA000554,C002274,U0287,R0006047,S005251,2026-04-13
BA000555,C001844,U0271,R0001815,S001577,2026-07-12
BA000556,C001628,U0031,R0001725,S001486,2026-06-14
BA000557,C001834,U0247,R0001403,S001205,2026-08-09
BA000558,C001980,U0196,R0005842,S005070,2026-07-07
BA000559,C001934,U0321,R0003730,S003217,2026-04-08
BA000560,C001806,U0008,R0004459,S003843,2026-07-16
BA000561,C002314,U0206,R0006736,S005843,2026-06-26
BA000562,C001156,U0082,R0000265,S000239,2026-02-21
BA000563,C000944,U0480,R0006238,S005402,2026-08-20
BA000564,C001928,U0246,R0002808,S002434,2026-08-01
BA000565,C000948,U0431,R0005071,S004388,2026-08-25
BA000566,C001895,U0426,R0000876,S000772,2026-07-18
BA000567,C002145,U0188,R0001634,S001413,2026-05-29
BA000568,C000510,U0395,R0004321,S003727,2026-01-05
BA000569,C002347,U0214,R0003889,S003355,2026-04-13
BA000570,C000281,U0309,R0002698,S002346,2026-01-11
BA000571,C002105,U0370,R0001668,S001439,2026-06-05
BA000572,C000406,U0197,R0000996,S000866,2026-07-29
BA000573,C001332,U0390,R0006551,S005667,2026-06-14
BA000574,C000484,U0201,R0000896,S000789,2026-05-10
BA000575,C000408,U0465,R0000877,S000774,2026-05-17
BA000576,C001427,U0452,R0003837,S003308,2026-04-08
BA000577,C002098,U0282,R0006493,S005613,2026-04-25
BA000578,C001624,U0389,R0005782,S005013,2026-05-14
BA000579,C000609,U0342,R0005142,S004446,2026-05-28
BA000580,C002260,U0201,R0006616,S005721,2026-02-12
BA000581,C000724,U0043,R0005662,S004917,2026-01-06
BA000582,C000899,U0201,R0000449,S000397,2026-06-08
BA000583,C000018,U0060,R0005741,S004976,2026-08-07
BA000584,C001924,U0492,R0005536,S004809,2026-03-09
BA000585,C001316,U0341,R0000754,S000664,2026-08-08
BA000586,C001872,U0361,R0001594,S001382,2026-05-23
BA000587,C000017,U0078,R0002100,S001834,2026-05-17
BA000588,C000568,U0340,R0006800,S005903,2026-02-02
BA000589,C000890,U0497,R0002935,S002562,2026-06-26
BA000590,C000810,U0302,R0004239,S003645,2026-04-13
BA000591,C001261,U0215,R0005898,S005114,2026-06-03
BA000592,C000290,U0405,R0005322,S004620,2026-03-02
BA000593,C001893,U0435,R0000594,S000515,2026-05-26
BA000594,C000956,U0406,R0000238,S000216,2026-01-08
BA000595,C000010,U0232,R0004448,S003835,2026-05-24
BA000596,C002535,U0492,R0005214,S004518,2026-01-18
BA000597,C000747,U0046,R0003734,S003218,2026-08-06
BA000598,C000326,U0003,R0001458,S001259,2026-01-14
BA000599,C000128,U0057,R0005036,S004362,2026-08-07
BA000600,C000134,U0446,R0005220,S004521,2026-04-26
BA000601,C000657,U0331,R0002105,S001840,2026-02-09
BA000602,C001792,U0098,R0000673,S000599,2026-06-01
BA000603,C002086,U0331,R0001713,S001475,2026-07-01
BA000604,C002038,U0122,R0001721,S001482,2026-02-07
BA000605,C002355,U0383,R0004272,S003678,2026-03-03
BA000606,C000032,U0416,R0003190,S002784,2026-07-02
BA000607,C000435,U0290,R0005203,S004504,2026-07-20
BA000608,C002253,U0059,R0005669,S004922,2026-05-20
BA000609,C002478,U0030,R0000742,S000654,2026-02-04
BA000610,C000181,U0183,R0005304,S004599,2026-06-01
BA000611,C001301,U0173,R0006286,S005446,2026-02-01
BA000612,C001136,U0096,R0002449,S002134,2026-02-21
BA000613,C002252,U0059,R0001448,S001249,2026-08-18
BA000614,C000771,U0132,R0005164,S004470,2026-02-11
BA000615,C000275,U0181,R0003457,S002998,2026-08-19
BA000616,C001457,U0256,R0001119,S000977,2026-06-28
BA000617,C002512,U0278,R0005619,S004878,2026-07-05
BA000618,C002117,U0458,R0006087,S005283,2026-08-22
BA000619,C001213,U0071,R0002975,S002594,2026-06-14
BA000620,C001965,U0012,R0004986,S004313,2026-03-06
BA000621,C000093,U0014,R0003987,S003433,2026-05-26
BA000622,C000398,U0099,R0002638,S002295,2026-02-06
BA000623,C001001,U0321,R0001016,S000880,2026-06-14
BA000624,C001237,U0272,R0000843,S000740,2026-06-25
BA000625,C002001,U0391,R0004292,S003698,2026-04-06
BA000626,C002060,U0396,R0005553,S004818,2026-04-07
BA000627,C000419,U0307,R0000630,S000557,2026-07-30
BA000628,C000390,U0436,R0005816,S005034,2026-04-06
BA000629,C002179,U0068,R0006652,S005760,2026-06-28
BA000630,C001957,U0386,R0000156,S000134,2026-05-27
BA000631,C000014,U0450,R0006848,S005947,2026-02-05
BA000632,C002026,U0168,R0003510,S003037,2026-04-07
BA000633,C002248,U0246,R0002217,S001940,2026-05-22
BA000634,C000605,U0087,R0003410,S002958,2026-03-16
BA000635,C000782,U0117,R0003060,S002672,2026-08-16
BA000636,C002310,U0232,R0002995,S002612,2026-03-19
BA000637,C002089,U0278,R0000842,S000739,2026-04-19
BA000638,C001231,U0025,R0005312,S004611,2026-02-16
BA000639,C002241,U0123,R0001037,S000901,2026-02-16
BA000640,C000945,U0155,R0004189,S003604,2026-06-22
BA000641,C001748,U0450,R0006847,S005947,2026-02-05
BA000642,C002002,U0218,R0004765,S004116,2026-06-17
BA000643,C001831,U0388,R0001190,S001033,2026-02-11
BA000644,C002425,U0328,R0005604,S004862,2026-05-28
BA000645,C000316,U0036,R0001701,S001465,2026-02-28
BA000646,C002113,U0175,R0003937,S003395,2026-06-26
BA000647,C000652,U0078,R0000382,S000345,2026-07-09
BA000648,C001401,U0043,R0001087,S000947,2026-08-21
BA000649,C002268,U0153,R0000549,S000476,2026-06-04
BA000650,C000119,U0308,R0005545,S004814,2026-07-10
BA000651,C001351,U0260,R0003077,S002686,2026-05-13
BA000652,C000109,U0261,R0002266,S001975,2026-01-18
BA000653,C001176,U0018,R0003245,S002817,2026-01-22
BA000654,C001781,U0211,R0001821,S001582,2026-05-21
BA000655,C000576,U0115,R0000027,S000023,2026-08-04
BA000656,C001877,U0453,R0004254,S003658,2026-03-30
BA000657,C002066,U0392,R0006453,S005579,2026-08-01
BA000658,C000722,U0152,R0004398,S003791,2026-07-02
BA000659,C000636,U0251,R0006001,S005203,2026-08-18
BA000660,C000401,U0335,R0005775,S005004,2026-05-11
BA000661,C000616,U0447,R0001094,S000952,2026-01-06
BA000662,C000432,U0122,R0000295,S000266,2026-03-20
BA000663,C000030,U0174,R0006189,S005361,2026-06-17
BA000664,C000081,U0143,R0001335,S001149,2026-04-14
BA000665,C001144,U0282,R0003325,S002884,2026-01-23
BA000666,C000397,U0123,R0006483,S005607,2026-01-31
BA000667,C000148,U0358,R0006010,S005213,2026-03-08
BA000668,C000555,U0471,R0002984,S002601,2026-05-13
BA000669,C002416,U0406,R0000239,S000216,2026-01-08
BA000670,C000334,U0299,R0006045,S005250,2026-03-30
BA000671,C000861,U0223,R0004325,S003732,2026-04-17
BA000672,C000480,U0232,R0005079,S004395,2026-03-30
BA000673,C000526,U0231,R0000447,S000396,2026-07-24
BA000674,C000036,U0249,R0001265,S001096,2026-03-20
BA000675,C000140,U0455,R0005062,S004381,2026-01-10
BA000676,C002127,U0253,R0002432,S002120,2026-02-20
BA000677,C001501,U0459,R0001707,S001472,2026-06-19
BA000678,C000167,U0369,R0000093,S000077,2026-02-26
BA000679,C000633,U0004,R0003148,S002747,2026-06-11
BA000680,C002046,U0031,R0002535,S002212,2026-06-28
BA000681,C000854,U0455,R0005148,S004449,2026-05-02
BA000682,C001096,U0340,R0001245,S001080,2026-02-15
BA000683,C000335,U0016,R0000349,S000308,2026-08-07
BA000684,C002544,U0178,R0003353,S002901,2026-01-07
BA000685,C001859,U0306,R0001493,S001289,2026-03-19
BA000686,C001708,U0119,R0006264,S005429,2026-04-09
BA000687,C002325,U0341,R0000435,S000389,2026-05-24
BA000688,C000210,U0185,R0003069,S002678,2026-04-20
BA000689,C001773,U0069,R0000719,S000636,2026-02-20
BA000690,C001884,U0176,R0003583,S003100,2026-01-29
BA000691,C000227,U0006,R0005930,S005141,2026-03-27
BA000692,C001155,U0169,R0005509,S004787,2026-04-15
BA000693,C001504,U0073,R0005979,S005186,2026-08-13
BA000694,C000516,U0131,R0005441,S004733,2026-01-30
BA000695,C001225,U0474,R0001393,S001196,2026-08-03
BA000696,C001083,U0269,R0005096,S004405,2026-08-22
BA000697,C000137,U0153,R0005157,S004460,2026-02-06
BA000698,C002329,U0047,R0004470,S003849,2026-02-17
BA000699,C002542,U0261,R0002255,S001967,2026-07-21
BA000700,C000718,U0024,R0002260,S001969,2026-06-08
BA000701,C000488,U0185,R0003431,S002978,2026-01-16
BA000702,C000079,U0063,R0000709,S000629,2026-04-28
BA000703,C002133,U0058,R0001545,S001333,2026-02-20
BA000704,C002540,U0154,R0002663,S002312,2026-01-19
BA000705,C000242,U0328,R0006062,S005262,2026-07-05
BA000706,C001829,U0450,R0000847,S000742,2026-08-04
BA000707,C000451,U0157,R0004062,S003494,2026-01-10
BA000708,C001981,U0267,R0000552,S000478,2026-07-19
BA000709,C000089,U0332,R0003969,S003420,2026-05-06
BA000710,C000223,U0423,R0004675,S004023,2026-03-16
BA000711,C000005,U0322,R0004657,S004006,2026-07-21
BA000712,C001724,U0301,R0002335,S002038,2026-02-03
BA000713,C001564,U0119,R0002034,S001782,2026-05-20
BA000714,C002353,U0425,R0003324,S002880,2026-02-12
BA000715,C001292,U0199,R0001991,S001732,2026-07-04
BA000716,C002176,U0277,R0004680,S004033,2026-05-08
BA000717,C002218,U0195,R0002338,S002039,2026-06-13
BA000718,C001357,U0055,R0005276,S004578,2026-04-22
BA000719,C000002,U0275,R0000638,S000563,2026-06-02
BA000720,C002324,U0223,R0003307,S002866,2026-02-12
BA000721,C001464,U0014,R0005394,S004688,2026-02-26
BA000722,C000893,U0123,R0000543,S000473,2026-08-10
BA000723,C002427,U0339,R0001252,S001088,2026-06-09
BA000724,C002334,U0374,R0002816,S002441,2026-08-10
BA000725,C000270,U0289,R0003608,S003117,2026-05-15
BA000726,C002561,U0290,R0004203,S003616,2026-05-26
BA000727,C000915,U0336,R0004939,S004280,2026-03-05
BA000728,C000851,U0212,R0005648,S004901,2026-02-11
BA000729,C000044,U0201,R0006144,S005328,2026-04-11
BA000730,C000692,U0408,R0006827,S005932,2026-02-01
BA000731,C000548,U0231,R0006399,S005529,2026-08-21
BA000732,C001582,U0170,R0006461,S005589,2026-07-25
BA000733,C001732,U0015,R0002889,S002525,2026-06-07
BA000734,C001025,U0392,R0006889,S005984,2026-03-27
BA000735,C001533,U0038,R0000879,S000776,2026-03-19
BA000736,C000481,U0388,R0003527,S003052,2026-04-09
BA000737,C002219,U0275,R0001452,S001254,2026-02-06
BA000738,C001902,U0322,R0004658,S004006,2026-07-21
BA000739,C001098,U0153,R0001841,S001600,2026-05-04
BA000740,C000251,U0098,R0003418,S002968,2026-04-22
BA000741,C002338,U0105,R0004917,S004257,2026-02-22
BA000742,C001728,U0168,R0002785,S002415,2026-01-04
BA000743,C000710,U0361,R0005279,S004579,2026-01-27
BA000744,C001566,U0157,R0000644,S000572,2026-07-18
BA000745,C000953,U0123,R0004408,S003805,2026-07-08
BA000746,C000225,U0014,R0001501,S001298,2026-03-21
BA000747,C000386,U0173,R0003299,S002858,2026-01-02
BA000748,C000815,U0256,R0001120,S000977,2026-06-28
BA000749,C001604,U0481,R0003972,S003423,2026-07-31
BA000750,C002015,U0336,R0004940,S004280,2026-03-05
BA000751,C000280,U0221,R0004844,S004185,2026-03-13
BA000752,C000092,U0196,R0003642,S003143,2026-02-23
BA000753,C002031,U0192,R0006402,S005534,2026-08-13
BA000754,C000558,U0094,R0000343,S000302,2026-07-23
BA000755,C002139,U0327,R0003727,S003214,2026-05-06
BA000756,C000449,U0360,R0004101,S003528,2026-01-02
BA000757,C001528,U0165,R0001816,S001578,2026-01-09
BA000758,C002592,U0473,R0004638,S003991,2026-02-18
BA000759,C000384,U0348,R0001726,S001487,2026-07-09
BA000760,C001344,U0328,R0000907,S000801,2026-05-02
BA000761,C000250,U0359,R0006412,S005540,2026-06-23
BA000762,C002350,U0028,R0002357,S002055,2026-03-10
BA000763,C001047,U0409,R0001356,S001165,2026-08-15
BA000764,C001076,U0381,R0005339,S004632,2026-06-02
BA000765,C000755,U0413,R0002791,S002421,2026-03-04
BA000766,C000983,U0445,R0004654,S004004,2026-02-22
BA000767,C001617,U0172,R0001571,S001362,2026-07-19
BA000768,C002108,U0169,R0001264,S001094,2026-07-23
BA000769,C002306,U0320,R0006196,S005367,2026-04-20
BA000770,C000569,U0236,R0006220,S005388,2026-03-28
BA000771,C000395,U0225,R0000473,S000413,2026-04-05
BA000772,C002233,U0473,R0002277,S001986,2026-03-31
BA000773,C001623,U0157,R0000645,S000572,2026-07-18
BA000774,C001216,U0353,R0001923,S001678,2026-07-30
BA000775,C000934,U0331,R0001630,S001410,2026-07-23
BA000776,C001637,U0169,R0000464,S000407,2026-03-23
BA000777,C000931,U0483,R0001557,S001347,2026-08-21
BA000778,C000264,U0261,R0001505,S001302,2026-06-04
BA000779,C000716,U0138,R0006611,S005718,2026-05-12
BA000780,C001791,U0030,R0002416,S002107,2026-02-11
BA000781,C001560,U0191,R0000838,S000735,2026-04-06
BA000782,C000559,U0444,R0000296,S000267,2026-08-11
BA000783,C000400,U0230,R0001677,S001444,2026-06-23
BA000784,C001226,U0323,R0002972,S002592,2026-07-19
BA000785,C000726,U0455,R0003706,S003198,2026-01-06
BA000786,C000787,U0238,R0005128,S004437,2026-07-05
BA000787,C001770,U0032,R0003791,S003271,2026-04-10
BA000788,C000833,U0270,R0002844,S002478,2026-04-27
BA000789,C001262,U0066,R0004403,S003799,2026-04-17
BA000790,C001713,U0361,R0001593,S001382,2026-05-23
BA000791,C001317,U0248,R0006687,S005800,2026-08-02
BA000792,C001234,U0332,R0001790,S001549,2026-07-30
BA000793,C001775,U0275,R0006828,S005933,2026-05-23
BA000794,C002196,U0246,R0003009,S002628,2026-07-17
BA000795,C000194,U0322,R0000065,S000051,2026-02-17
BA000796,C001026,U0396,R0006835,S005939,2026-01-13
BA000797,C001633,U0067,R0004421,S003812,2026-03-14
BA000798,C001321,U0076,R0006139,S005323,2026-05-13
BA000799,C000230,U0446,R0001727,S001488,2026-04-21
BA000800,C002420,U0261,R0005925,S005136,2026-06-26
BA000801,C001267,U0293,R0005921,S005132,2026-02-06
BA000802,C001658,U0368,R0004632,S003980,2026-03-16
BA000803,C002318,U0411,R0002728,S002371,2026-04-28
BA000804,C001520,U0424,R0005769,S004998,2026-03-25
BA000805,C002309,U0367,R0003637,S003137,2026-03-07
BA000806,C002320,U0134,R0000331,S000292,2026-01-06
BA000807,C001611,U0009,R0005634,S004894,2026-07-24
BA000808,C001443,U0436,R0005817,S005034,2026-04-06
BA000809,C001503,U0365,R0003547,S003068,2026-07-21
BA000810,C002375,U0129,R0004528,S003889,2026-08-14
BA000811,C000649,U0013,R0004488,S003863,2026-04-23
BA000812,C001447,U0320,R0006195,S005367,2026-04-20
BA000813,C002505,U0067,R0006389,S005519,2026-02-16
BA000814,C000730,U0475,R0003849,S003320,2026-01-10
BA000815,C000375,U0090,R0006801,S005904,2026-06-06
BA000816,C001496,U0498,R0001161,S001017,2026-08-15
BA000817,C002023,U0151,R0005955,S005164,2026-03-12
BA000818,C002130,U0254,R0003576,S003097,2026-03-12
BA000819,C001188,U0423,R0000811,S000711,2026-04-03
BA000820,C001983,U0256,R0000989,S000862,2026-05-03
BA000821,C001500,U0336,R0002050,S001797,2026-05-27
BA000822,C000413,U0331,R0006449,S005574,2026-02-07
BA000823,C001847,U0307,R0002016,S001767,2026-04-10
BA000824,C000825,U0350,R0005158,S004461,2026-07-30
BA000825,C002123,U0425,R0004982,S004309,2026-05-27
BA000826,C001821,U0054,R0002482,S002166,2026-04-22
BA000827,C001380,U0328,R0000213,S000193,2026-06-22
BA000828,C000266,U0268,R0002601,S002260,2026-06-06
BA000829,C000349,U0165,R0005057,S004374,2026-06-13
BA000830,C001389,U0172,R0003671,S003169,2026-08-24
BA000831,C001971,U0011,R0001398,S001201,2026-05-26
BA000832,C002061,U0483,R0001570,S001361,2026-02-17
BA000833,C001822,U0337,R0003355,S002906,2026-01-16
BA000834,C002272,U0346,R0000300,S000270,2026-05-12
BA000835,C000743,U0337,R0002188,S001910,2026-03-05
BA000836,C001683,U0375,R0004707,S004053,2026-02-11
BA000837,C001665,U0195,R0006775,S005881,2026-05-22
BA000838,C002147,U0004,R0005422,S004717,2026-01-07
BA000839,C000473,U0293,R0005480,S004766,2026-08-11
BA000840,C001995,U0162,R0000554,S000480,2026-02-10
BA000841,C002245,U0293,R0006403,S005535,2026-08-01
BA000842,C000580,U0339,R0001091,S000951,2026-04-16
BA000843,C001173,U0322,R0005739,S004975,2026-03-14
BA000844,C001248,U0175,R0003938,S003395,2026-06-26
BA000845,C000206,U0264,R0000965,S000846,2026-06-24
BA000846,C000479,U0186,R0003827,S003303,2026-08-27
BA000847,C002538,U0333,R0004862,S004205,2026-04-05
BA000848,C000797,U0265,R0000133,S000115,2026-02-10
BA000849,C000918,U0240,R0001322,S001138,2026-04-14
BA000850,C001920,U0389,R0001504,S001299,2026-08-23
BA000851,C002101,U0179,R0004049,S003485,2026-04-03
BA000852,C002112,U0371,R0005743,S004977,2026-06-05
BA000853,C001712,U0432,R0002868,S002502,2026-07-31
BA000854,C000094,U0263,R0000063,S000050,2026-05-16
BA000855,C002595,U0115,R0000414,S000373,2026-04-07
BA000856,C000663,U0032,R0004205,S003617,2026-04-13
BA000857,C000835,U0383,R0003119,S002729,2026-04-08
BA000858,C001701,U0220,R0005101,S004411,2026-07-19
BA000859,C001300,U0160,R0004877,S004217,2026-08-20
BA000860,C000783,U0250,R0006532,S005651,2026-07-20
BA000861,C000183,U0068,R0004021,S003464,2026-01-29
BA000862,C001411,U0057,R0000688,S000610,2026-01-20
BA000863,C000798,U0078,R0000959,S000843,2026-03-28
BA000864,C000209,U0335,R0002877,S002509,2026-06-07
BA000865,C002531,U0356,R0000903,S000797,2026-01-13
BA000866,C001122,U0098,R0002541,S002218,2026-07-01
BA000867,C002036,U0097,R0005999,S005202,2026-03-18
BA000868,C002445,U0178,R0005107,S004418,2026-06-16
BA000869,C001818,U0428,R0000119,S000104,2026-03-03
BA000870,C000714,U0072,R0003064,S002674,2026-07-03
BA000871,C000278,U0487,R0002974,S002593,2026-05-29
BA000872,C002526,U0341,R0004929,S004267,2026-07-18
BA000873,C002319,U0106,R0001699,S001464,2026-03-10
BA000874,C002503,U0491,R0003875,S003342,2026-01-19
BA000875,C001982,U0172,R0001573,S001362,2026-07-19
BA000876,C001749,U0373,R0001999,S001748,2026-06-16
BA000877,C000693,U0478,R0003930,S003389,2026-03-29
BA000878,C001645,U0402,R0001533,S001326,2026-06-29
BA000879,C002576,U0272,R0006820,S005922,2026-02-16
BA000880,C001827,U0395,R0004052,S003486,2026-03-10
BA000881,C001273,U0333,R0002860,S002497,2026-04-02
BA000882,C000236,U0205,R0002880,S002511,2026-04-09
BA000883,C000332,U0432,R0000935,S000820,2026-07-06
BA000884,C001167,U0189,R0006566,S005679,2026-04-12
BA000885,C001488,U0063,R0003747,S003232,2026-06-07
BA000886,C001642,U0067,R0004627,S003977,2026-03-08
BA000887,C001255,U0334,R0001784,S001542,2026-03-25
BA000888,C001218,U0496,R0005940,S005147,2026-07-08
BA000889,C000050,U0162,R0002287,S001996,2026-06-13
BA000890,C000880,U0022,R0003709,S003201,2026-08-17
BA000891,C000444,U0245,R0000144,S000128,2026-04-14
BA000892,C001343,U0015,R0001954,S001707,2026-02-12
BA000893,C000971,U0131,R0003091,S002706,2026-07-04
BA000894,C000101,U0017,R0002858,S002494,2026-08-20
BA000895,C002481,U0032,R0001690,S001456,2026-03-03
BA000896,C000385,U0299,R0000030,S000026,2026-02-16
BA000897,C002075,U0070,R0003006,S002622,2026-03-06
BA000898,C000330,U0428,R0003988,S003434,2026-04-21
BA000899,C000069,U0100,R0003685,S003182,2026-03-24
BA000900,C001667,U0158,R0003896,S003359,2026-05-28
BA000901,C002303,U0244,R0002707,S002354,2026-04-02
BA000902,C002321,U0106,R0001382,S001185,2026-08-09
BA000903,C002280,U0299,R0003080,S002687,2026-03-13
BA000904,C000677,U0405,R0005508,S004786,2026-03-15
BA000905,C000746,U0430,R0004214,S003625,2026-06-07
BA000906,C001091,U0341,R0004344,S003750,2026-06-27
BA000907,C002474,U0443,R0005361,S004658,2026-03-20
BA000908,C001244,U0301,R0002336,S002038,2026-02-03
BA000909,C001919,U0099,R0004387,S003784,2026-06-01
BA000910,C001700,U0360,R0002581,S002249,2026-03-13
BA000911,C002351,U0376,R0006513,S005633,2026-07-06
BA000912,C000381,U0447,R0005405,S004699,2026-08-05
BA000913,C000503,U0223,R0005560,S004822,2026-08-28
BA000914,C001199,U0045,R0004571,S003926,2026-06-24
BA000915,C000846,U0277,R0001971,S001718,2026-06-08
BA000916,C001095,U0014,R0003625,S003129,2026-07-27
BA000917,C001220,U0447,R0005226,S004526,2026-03-07
BA000918,C001462,U0403,R0000805,S000706,2026-07-10
BA000919,C000433,U0254,R0003919,S003380,2026-01-01
BA000920,C002450,U0045,R0001705,S001467,2026-04-16
BA000921,C000723,U0294,R0004158,S003576,2026-05-27
BA000922,C000777,U0173,R0001928,S001680,2026-06-28
BA000923,C002454,U0263,R0004356,S003760,2026-05-13
BA000924,C001452,U0247,R0001853,S001612,2026-03-15
BA000925,C001744,U0272,R0006885,S005978,2026-08-25
BA000926,C002032,U0079,R0006244,S005410,2026-05-18
BA000927,C001363,U0374,R0000633,S000561,2026-07-21
BA000928,C001171,U0054,R0005331,S004627,2026-02-12
BA000929,C000203,U0283,R0004075,S003503,2026-06-11
BA000930,C002277,U0048,R0003916,S003375,2026-07-18
BA000931,C001512,U0084,R0003450,S002994,2026-01-05
BA000932,C001469,U0389,R0004114,S003542,2026-01-12
BA000933,C001819,U0392,R0000652,S000580,2026-03-16
BA000934,C000175,U0069,R0004434,S003824,2026-02-05
BA000935,C000078,U0167,R0000962,S000844,2026-08-02
BA000936,C001385,U0342,R0004178,S003593,2026-07-05
BA000937,C002019,U0357,R0000608,S000535,2026-02-17
BA000938,C001737,U0180,R0001047,S000909,2026-03-02
BA000939,C001022,U0242,R0003117,S002727,2026-02-01
BA000940,C000829,U0299,R0005022,S004354,2026-07-12
BA000941,C001746,U0030,R0004109,S003534,2026-03-19
BA000942,C002357,U0367,R0004226,S003636,2026-02-14
BA000943,C001359,U0075,R0004374,S003775,2026-06-19
BA000944,C001104,U0171,R0004133,S003558,2026-01-17
BA000945,C000565,U0031,R0002038,S001784,2026-03-09
BA000946,C000786,U0490,R0000911,S000803,2026-03-29
BA000947,C000622,U0306,R0005857,S005081,2026-01-03
BA000948,C000517,U0144,R0003996,S003442,2026-01-26
BA000949,C001660,U0314,R0004535,S003897,2026-07-09
BA000950,C002455,U0331,R0003430,S002977,2026-04-19
